split_type,baseline,battery_id,seed,MAE,RMSE,R2,count
leave_one_battery_out,exponential,B0005,,0.02482842077200015,0.03064718925896909,0.9737428458958072,167
leave_one_battery_out,exponential,B0006,,0.027188993126672206,0.03646565936194732,0.9785821268383996,167
leave_one_battery_out,exponential,B0007,,0.01944529962453319,0.024430419270273434,0.976629673981357,167
leave_one_battery_out,exponential,B0018,,0.02398745888273784,0.0335946325122974,0.9515817168719685,131
leave_one_battery_out,last_observed_value,B0005,,0.008142955354672509,0.013284685474884683,0.9950663435371598,167
leave_one_battery_out,last_observed_value,B0006,,0.014357352884929127,0.023588229243524734,0.9910381250334744,167
leave_one_battery_out,last_observed_value,B0007,,0.006940870975947666,0.012413074814940434,0.9939666061519313,167
leave_one_battery_out,last_observed_value,B0018,,0.014154686112673062,0.02260644624254415,0.9780752732984781,131
random_cycle_split_wrong,exponential,B0005,0.0,0.023862323385808605,0.030471836010540505,0.9736606104877682,34
random_cycle_split_wrong,exponential,B0005,1.0,0.026873488705753436,0.032575146599663415,0.9670538703333444,32
random_cycle_split_wrong,exponential,B0005,2.0,0.027785956684375238,0.03367328922607442,0.9678870820455271,34
random_cycle_split_wrong,exponential,B0005,3.0,0.021220536641318944,0.026502261713153317,0.9745660326023007,37
random_cycle_split_wrong,exponential,B0005,4.0,0.0287607950663651,0.03477745421485302,0.9606466056534254,33
random_cycle_split_wrong,exponential,B0006,0.0,0.026801223375551637,0.03287829232476023,0.9793191298934927,33
random_cycle_split_wrong,exponential,B0006,1.0,0.03539097028443297,0.050299978942748826,0.957723491885045,31
random_cycle_split_wrong,exponential,B0006,2.0,0.02256621545765508,0.028484860813714537,0.9869092729663012,36
random_cycle_split_wrong,exponential,B0006,3.0,0.028025859486613,0.036738391986094486,0.9810147823014261,32
random_cycle_split_wrong,exponential,B0006,4.0,0.02620111139820337,0.0313919750685344,0.9835374508714754,33
random_cycle_split_wrong,exponential,B0007,0.0,0.019563127779865654,0.023366840555557458,0.9808909127759989,31
random_cycle_split_wrong,exponential,B0007,1.0,0.018071527751281916,0.024444715271358875,0.978170370651768,27
random_cycle_split_wrong,exponential,B0007,2.0,0.019167172430066663,0.02346722952380872,0.9738542792606357,37
random_cycle_split_wrong,exponential,B0007,3.0,0.01702582405623276,0.020613426076747845,0.9844789985656155,33
random_cycle_split_wrong,exponential,B0007,4.0,0.017431063031749877,0.021502205283538675,0.9799611807288453,35
random_cycle_split_wrong,exponential,B0018,0.0,0.026952506570228175,0.03504366631914173,0.9525405652690164,29
random_cycle_split_wrong,exponential,B0018,1.0,0.02050945475268561,0.02984619515058933,0.9662399946566661,37
random_cycle_split_wrong,exponential,B0018,2.0,0.02984751712264978,0.044907239874779944,0.9247020665778107,20
random_cycle_split_wrong,exponential,B0018,3.0,0.023318791150530344,0.03185813730912674,0.9563006097196705,25
random_cycle_split_wrong,exponential,B0018,4.0,0.01902355502137756,0.02285709741814576,0.9722541917977432,26
random_cycle_split_wrong,last_observed_value,B0005,0.0,0.007308212478778723,0.009119213821413773,0.9976410254380693,34
random_cycle_split_wrong,last_observed_value,B0005,1.0,0.011283036599124191,0.019931043253568224,0.9876663474757105,32
random_cycle_split_wrong,last_observed_value,B0005,2.0,0.009433278386994018,0.014069060558497142,0.9943941833835106,34
random_cycle_split_wrong,last_observed_value,B0005,3.0,0.008043498044137431,0.012560620012632438,0.9942869189105148,37
random_cycle_split_wrong,last_observed_value,B0005,4.0,0.006467098519748145,0.010113866911140112,0.9966717105276092,33
random_cycle_split_wrong,last_observed_value,B0006,0.0,0.017054153175091253,0.027968473943682695,0.985034616767522,33
random_cycle_split_wrong,last_observed_value,B0006,1.0,0.01830514110032206,0.03618923694496338,0.9781162192712726,31
random_cycle_split_wrong,last_observed_value,B0006,2.0,0.00979739778261666,0.012302054058772648,0.9975583083055662,36
random_cycle_split_wrong,last_observed_value,B0006,3.0,0.016787097127553836,0.025886259744051027,0.9905742936968245,32
random_cycle_split_wrong,last_observed_value,B0006,4.0,0.012486986566282584,0.017842744483731948,0.994681574073195,33
random_cycle_split_wrong,last_observed_value,B0007,0.0,0.00523890153050777,0.006566102477104809,0.9984911180426275,31
random_cycle_split_wrong,last_observed_value,B0007,1.0,0.0071840129511997145,0.010531169511667708,0.995948371640598,27
random_cycle_split_wrong,last_observed_value,B0007,2.0,0.005958141337434199,0.008289496302195505,0.9967376296568401,37
random_cycle_split_wrong,last_observed_value,B0007,3.0,0.005434810890122328,0.006928462685976701,0.9982465509808529,33
random_cycle_split_wrong,last_observed_value,B0007,4.0,0.005438204663240193,0.008490350998368494,0.9968756663216054,35
random_cycle_split_wrong,last_observed_value,B0018,0.0,0.010123535422732699,0.011449472694964788,0.9949338918136895,29
random_cycle_split_wrong,last_observed_value,B0018,1.0,0.012951207822128474,0.019190734190309613,0.9860424967305836,37
random_cycle_split_wrong,last_observed_value,B0018,2.0,0.015532586448643814,0.02700311793247024,0.9727743562491229,20
random_cycle_split_wrong,last_observed_value,B0018,3.0,0.015064587273497408,0.022195885065522367,0.9787881009028501,25
random_cycle_split_wrong,last_observed_value,B0018,4.0,0.009873046105794075,0.011251269299759096,0.9932770750891536,26
time_ordered_within_battery,exponential,B0005,,0.023651090274114613,0.02978706632794575,-0.7984402877940973,34
time_ordered_within_battery,exponential,B0006,,0.01681075627108546,0.021473643424316624,0.8056208445672912,34
time_ordered_within_battery,exponential,B0007,,0.021270901974795843,0.02344117600710609,-0.17292119786354743,34
time_ordered_within_battery,exponential,B0018,,0.036890637738309,0.04587115960232644,-1.1427164569930741,27
time_ordered_within_battery,last_observed_value,B0005,,0.006542014476066073,0.010010341869620083,0.7968866930467314,34
time_ordered_within_battery,last_observed_value,B0006,,0.00942042334129934,0.012237941855808798,0.9368672092879189,34
time_ordered_within_battery,last_observed_value,B0007,,0.005735388993967442,0.008220096314087884,0.8557672593033705,34
time_ordered_within_battery,last_observed_value,B0018,,0.015367104007316652,0.027256828537807018,0.2434530033957799,27
