held_out_battery,bin_lower,bin_upper,n_samples,mean_predicted_probability,observed_positive_rate
B0005,0.0,0.2,115,0.010127812723371824,0.0
B0005,0.2,0.4,2,0.27036858238256534,0.0
B0005,0.4,0.6,5,0.502709018832579,0.2
B0005,0.6,0.8,6,0.7145055372024937,0.6666666666666666
B0005,0.8,1.0,39,0.9185424828071731,1.0
B0006,0.0,0.2,105,0.010199834909318813,0.0
B0006,0.2,0.4,2,0.2910953863791268,0.0
B0006,0.4,0.6,1,0.4903625023246446,1.0
B0006,0.6,0.8,3,0.7055018061452305,1.0
B0006,0.8,1.0,56,0.9891841884440362,0.9821428571428571
B0007,0.0,0.2,139,0.012522147503702301,0.0
B0007,0.2,0.4,3,0.2943645158842411,0.0
B0007,0.4,0.6,7,0.5010492996426125,0.0
B0007,0.6,0.8,10,0.7193130844981506,0.0
B0007,0.8,1.0,8,0.8676661033701835,0.0
B0018,0.0,0.2,104,0.008470454975055006,0.028846153846153848
B0018,0.2,0.4,2,0.2540767420780945,1.0
B0018,0.4,0.6,4,0.5181771895860472,1.0
B0018,0.6,0.8,4,0.7412490636154675,1.0
B0018,0.8,1.0,17,0.9390371059341904,0.8823529411764706
