battery,approach,condition,TP,TN,FP,FN,accuracy,precision,recall,f1,weighted_cost,weighted_cost_per_row
B0005,direct_classification,direct_svc_threshold_0.5,44,119,4,0,0.9760479041916168,0.9166666666666666,1.0,0.9565217391304348,4.0,0.023952095808383235
B0005,direct_classification,direct_svc_cost_threshold,44,114,9,0,0.9461077844311377,0.8301886792452831,1.0,0.9072164948453608,9.0,0.05389221556886228
B0005,regress_then_threshold,ridge_regress_then_threshold,44,123,0,0,1.0,1.0,1.0,1.0,0.0,0.0
B0006,direct_classification,direct_svc_threshold_0.5,58,107,1,1,0.9880239520958084,0.9830508474576272,0.9830508474576272,0.9830508474576272,6.0,0.03592814371257485
B0006,direct_classification,direct_svc_cost_threshold,59,105,3,0,0.9820359281437125,0.9516129032258065,1.0,0.9752066115702479,3.0,0.017964071856287425
B0006,regress_then_threshold,ridge_regress_then_threshold,57,107,1,2,0.9820359281437125,0.9827586206896551,0.9661016949152542,0.9743589743589743,11.0,0.0658682634730539
B0007,direct_classification,direct_svc_threshold_0.5,0,145,22,0,0.8682634730538922,0.0,0.0,0.0,22.0,0.1317365269461078
B0007,direct_classification,direct_svc_cost_threshold,0,138,29,0,0.8263473053892215,0.0,0.0,0.0,29.0,0.17365269461077845
B0007,regress_then_threshold,ridge_regress_then_threshold,0,160,7,0,0.9580838323353293,0.0,0.0,0.0,7.0,0.041916167664670656
B0018,direct_classification,direct_svc_threshold_0.5,22,101,2,6,0.9389312977099237,0.9166666666666666,0.7857142857142857,0.8461538461538461,32.0,0.24427480916030533
B0018,direct_classification,direct_svc_cost_threshold,26,101,2,2,0.9694656488549618,0.9285714285714286,0.9285714285714286,0.9285714285714286,12.0,0.0916030534351145
B0018,regress_then_threshold,ridge_regress_then_threshold,25,101,2,3,0.9618320610687023,0.9259259259259259,0.8928571428571429,0.9090909090909091,17.0,0.1297709923664122
