model_or_ensemble,held_out_battery,MAE,RMSE,R2,n_test_rows,configuration
LinearRegression,B0005,0.006630141151267791,0.012813718321135207,0.9954099575910862,167,Base Model
Ridge,B0005,0.006579477399316693,0.012777683116980802,0.9954357378579561,167,Base Model
DecisionTreeRegressor,B0005,0.01656706715135368,0.028362716251319673,0.9775114221098521,167,Base Model
KNeighborsRegressor,B0005,0.022432375123059248,0.028530727964925236,0.9772442026143638,167,Base Model
SVR,B0005,0.02365912788518461,0.026989514727181765,0.9796363087164229,167,Base Model
VotingRegressor,B0005,0.010037247833242337,0.015616649483440687,0.9931822342118677,167,"{'estimators': [('LinearRegression', LinearRegression()), ('Ridge', Pipeline(steps=[('scaler', StandardScaler()), ('model', Ridge())])), ('DecisionTreeRegressor', DecisionTreeRegressor(max_depth=5, random_state=42)), ('KNeighborsRegressor', Pipeline(steps=[('scaler', StandardScaler()), ('model', KNeighborsRegressor())])), ('SVR', Pipeline(steps=[('scaler', StandardScaler()), ('model', SVR())]))], 'n_jobs': None, 'verbose': False, 'weights': None, 'LinearRegression': LinearRegression(), 'Ridge': Pipeline(steps=[('scaler', StandardScaler()), ('model', Ridge())]), 'DecisionTreeRegressor': DecisionTreeRegressor(max_depth=5, random_state=42), 'KNeighborsRegressor': Pipeline(steps=[('scaler', StandardScaler()), ('model', KNeighborsRegressor())]), 'SVR': Pipeline(steps=[('scaler', StandardScaler()), ('model', SVR())]), 'LinearRegression__copy_X': True, 'LinearRegression__fit_intercept': True, 'LinearRegression__n_jobs': None, 'LinearRegression__positive': False, 'Ridge__memory': None, 'Ridge__steps': [('scaler', StandardScaler()), ('model', Ridge())], 'Ridge__verbose': False, 'Ridge__scaler': StandardScaler(), 'Ridge__model': Ridge(), 'Ridge__scaler__copy': True, 'Ridge__scaler__with_mean': True, 'Ridge__scaler__with_std': True, 'Ridge__model__alpha': 1.0, 'Ridge__model__copy_X': True, 'Ridge__model__fit_intercept': True, 'Ridge__model__max_iter': None, 'Ridge__model__positive': False, 'Ridge__model__random_state': None, 'Ridge__model__solver': 'auto', 'Ridge__model__tol': 0.0001, 'DecisionTreeRegressor__ccp_alpha': 0.0, 'DecisionTreeRegressor__criterion': 'squared_error', 'DecisionTreeRegressor__max_depth': 5, 'DecisionTreeRegressor__max_features': None, 'DecisionTreeRegressor__max_leaf_nodes': None, 'DecisionTreeRegressor__min_impurity_decrease': 0.0, 'DecisionTreeRegressor__min_samples_leaf': 1, 'DecisionTreeRegressor__min_samples_split': 2, 'DecisionTreeRegressor__min_weight_fraction_leaf': 0.0, 'DecisionTreeRegressor__monotonic_cst': None, 'DecisionTreeRegressor__random_state': 42, 'DecisionTreeRegressor__splitter': 'best', 'KNeighborsRegressor__memory': None, 'KNeighborsRegressor__steps': [('scaler', StandardScaler()), ('model', KNeighborsRegressor())], 'KNeighborsRegressor__verbose': False, 'KNeighborsRegressor__scaler': StandardScaler(), 'KNeighborsRegressor__model': KNeighborsRegressor(), 'KNeighborsRegressor__scaler__copy': True, 'KNeighborsRegressor__scaler__with_mean': True, 'KNeighborsRegressor__scaler__with_std': True, 'KNeighborsRegressor__model__algorithm': 'auto', 'KNeighborsRegressor__model__leaf_size': 30, 'KNeighborsRegressor__model__metric': 'minkowski', 'KNeighborsRegressor__model__metric_params': None, 'KNeighborsRegressor__model__n_jobs': None, 'KNeighborsRegressor__model__n_neighbors': 5, 'KNeighborsRegressor__model__p': 2, 'KNeighborsRegressor__model__weights': 'uniform', 'SVR__memory': None, 'SVR__steps': [('scaler', StandardScaler()), ('model', SVR())], 'SVR__verbose': False, 'SVR__scaler': StandardScaler(), 'SVR__model': SVR(), 'SVR__scaler__copy': True, 'SVR__scaler__with_mean': True, 'SVR__scaler__with_std': True, 'SVR__model__C': 1.0, 'SVR__model__cache_size': 200, 'SVR__model__coef0': 0.0, 'SVR__model__degree': 3, 'SVR__model__epsilon': 0.1, 'SVR__model__gamma': 'scale', 'SVR__model__kernel': 'rbf', 'SVR__model__max_iter': -1, 'SVR__model__shrinking': True, 'SVR__model__tol': 0.001, 'SVR__model__verbose': False}"
BaggingRegressor,B0005,0.010859229279412174,0.017938825288376387,0.9910038983755719,167,"{'bootstrap': True, 'bootstrap_features': False, 'estimator__ccp_alpha': 0.0, 'estimator__criterion': 'squared_error', 'estimator__max_depth': 5, 'estimator__max_features': None, 'estimator__max_leaf_nodes': None, 'estimator__min_impurity_decrease': 0.0, 'estimator__min_samples_leaf': 1, 'estimator__min_samples_split': 2, 'estimator__min_weight_fraction_leaf': 0.0, 'estimator__monotonic_cst': None, 'estimator__random_state': 42, 'estimator__splitter': 'best', 'estimator': DecisionTreeRegressor(max_depth=5, random_state=42), 'max_features': 1.0, 'max_samples': 1.0, 'n_estimators': 25, 'n_jobs': None, 'oob_score': False, 'random_state': 42, 'verbose': 0, 'warm_start': False}"
RandomForestRegressor,B0005,0.013705973722112293,0.021698561537971242,0.9868378074220803,167,"{'bootstrap': True, 'ccp_alpha': 0.0, 'criterion': 'squared_error', 'max_depth': 5, 'max_features': 1.0, 'max_leaf_nodes': None, 'max_samples': None, 'min_impurity_decrease': 0.0, 'min_samples_leaf': 1, 'min_samples_split': 2, 'min_weight_fraction_leaf': 0.0, 'monotonic_cst': None, 'n_estimators': 100, 'n_jobs': None, 'oob_score': False, 'random_state': 42, 'verbose': 0, 'warm_start': False}"
SimpleAveraging,B0005,0.010037247833242337,0.015616649483440687,0.9931822342118677,167,Mean of base models
WeightedAveraging,B0005,0.009355422781382499,0.014644824554172743,0.9940043717280039,167,"{'LinearRegression': 0.25, 'Ridge': 0.25, 'DecisionTreeRegressor': 0.15, 'KNeighborsRegressor': 0.15, 'SVR': 0.2}"
LinearRegression,B0006,0.012739128684354131,0.022934834357549276,0.9915277372410528,167,Base Model
Ridge,B0006,0.013006920907513956,0.022932336256455677,0.9915295827670237,167,Base Model
DecisionTreeRegressor,B0006,0.04128929027995781,0.06129801219121194,0.9394797124032738,167,Base Model
KNeighborsRegressor,B0006,0.03564903277091966,0.05313134514246812,0.9545315841649882,167,Base Model
SVR,B0006,0.09439712041734313,0.11937258703992353,0.770481650189385,167,Base Model
VotingRegressor,B0006,0.035740096212944404,0.048578133996330035,0.9619907012000278,167,"{'estimators': [('LinearRegression', LinearRegression()), ('Ridge', Pipeline(steps=[('scaler', StandardScaler()), ('model', Ridge())])), ('DecisionTreeRegressor', DecisionTreeRegressor(max_depth=5, random_state=42)), ('KNeighborsRegressor', Pipeline(steps=[('scaler', StandardScaler()), ('model', KNeighborsRegressor())])), ('SVR', Pipeline(steps=[('scaler', StandardScaler()), ('model', SVR())]))], 'n_jobs': None, 'verbose': False, 'weights': None, 'LinearRegression': LinearRegression(), 'Ridge': Pipeline(steps=[('scaler', StandardScaler()), ('model', Ridge())]), 'DecisionTreeRegressor': DecisionTreeRegressor(max_depth=5, random_state=42), 'KNeighborsRegressor': Pipeline(steps=[('scaler', StandardScaler()), ('model', KNeighborsRegressor())]), 'SVR': Pipeline(steps=[('scaler', StandardScaler()), ('model', SVR())]), 'LinearRegression__copy_X': True, 'LinearRegression__fit_intercept': True, 'LinearRegression__n_jobs': None, 'LinearRegression__positive': False, 'Ridge__memory': None, 'Ridge__steps': [('scaler', StandardScaler()), ('model', Ridge())], 'Ridge__verbose': False, 'Ridge__scaler': StandardScaler(), 'Ridge__model': Ridge(), 'Ridge__scaler__copy': True, 'Ridge__scaler__with_mean': True, 'Ridge__scaler__with_std': True, 'Ridge__model__alpha': 1.0, 'Ridge__model__copy_X': True, 'Ridge__model__fit_intercept': True, 'Ridge__model__max_iter': None, 'Ridge__model__positive': False, 'Ridge__model__random_state': None, 'Ridge__model__solver': 'auto', 'Ridge__model__tol': 0.0001, 'DecisionTreeRegressor__ccp_alpha': 0.0, 'DecisionTreeRegressor__criterion': 'squared_error', 'DecisionTreeRegressor__max_depth': 5, 'DecisionTreeRegressor__max_features': None, 'DecisionTreeRegressor__max_leaf_nodes': None, 'DecisionTreeRegressor__min_impurity_decrease': 0.0, 'DecisionTreeRegressor__min_samples_leaf': 1, 'DecisionTreeRegressor__min_samples_split': 2, 'DecisionTreeRegressor__min_weight_fraction_leaf': 0.0, 'DecisionTreeRegressor__monotonic_cst': None, 'DecisionTreeRegressor__random_state': 42, 'DecisionTreeRegressor__splitter': 'best', 'KNeighborsRegressor__memory': None, 'KNeighborsRegressor__steps': [('scaler', StandardScaler()), ('model', KNeighborsRegressor())], 'KNeighborsRegressor__verbose': False, 'KNeighborsRegressor__scaler': StandardScaler(), 'KNeighborsRegressor__model': KNeighborsRegressor(), 'KNeighborsRegressor__scaler__copy': True, 'KNeighborsRegressor__scaler__with_mean': True, 'KNeighborsRegressor__scaler__with_std': True, 'KNeighborsRegressor__model__algorithm': 'auto', 'KNeighborsRegressor__model__leaf_size': 30, 'KNeighborsRegressor__model__metric': 'minkowski', 'KNeighborsRegressor__model__metric_params': None, 'KNeighborsRegressor__model__n_jobs': None, 'KNeighborsRegressor__model__n_neighbors': 5, 'KNeighborsRegressor__model__p': 2, 'KNeighborsRegressor__model__weights': 'uniform', 'SVR__memory': None, 'SVR__steps': [('scaler', StandardScaler()), ('model', SVR())], 'SVR__verbose': False, 'SVR__scaler': StandardScaler(), 'SVR__model': SVR(), 'SVR__scaler__copy': True, 'SVR__scaler__with_mean': True, 'SVR__scaler__with_std': True, 'SVR__model__C': 1.0, 'SVR__model__cache_size': 200, 'SVR__model__coef0': 0.0, 'SVR__model__degree': 3, 'SVR__model__epsilon': 0.1, 'SVR__model__gamma': 'scale', 'SVR__model__kernel': 'rbf', 'SVR__model__max_iter': -1, 'SVR__model__shrinking': True, 'SVR__model__tol': 0.001, 'SVR__model__verbose': False}"
BaggingRegressor,B0006,0.03801611677446362,0.056603785780522636,0.9483941235663017,167,"{'bootstrap': True, 'bootstrap_features': False, 'estimator__ccp_alpha': 0.0, 'estimator__criterion': 'squared_error', 'estimator__max_depth': 5, 'estimator__max_features': None, 'estimator__max_leaf_nodes': None, 'estimator__min_impurity_decrease': 0.0, 'estimator__min_samples_leaf': 1, 'estimator__min_samples_split': 2, 'estimator__min_weight_fraction_leaf': 0.0, 'estimator__monotonic_cst': None, 'estimator__random_state': 42, 'estimator__splitter': 'best', 'estimator': DecisionTreeRegressor(max_depth=5, random_state=42), 'max_features': 1.0, 'max_samples': 1.0, 'n_estimators': 25, 'n_jobs': None, 'oob_score': False, 'random_state': 42, 'verbose': 0, 'warm_start': False}"
RandomForestRegressor,B0006,0.03695694476087467,0.05550065113656942,0.9503859868498519,167,"{'bootstrap': True, 'ccp_alpha': 0.0, 'criterion': 'squared_error', 'max_depth': 5, 'max_features': 1.0, 'max_leaf_nodes': None, 'max_samples': None, 'min_impurity_decrease': 0.0, 'min_samples_leaf': 1, 'min_samples_split': 2, 'min_weight_fraction_leaf': 0.0, 'monotonic_cst': None, 'n_estimators': 100, 'n_jobs': None, 'oob_score': False, 'random_state': 42, 'verbose': 0, 'warm_start': False}"
SimpleAveraging,B0006,0.035740096212944404,0.048578133996330035,0.9619907012000278,167,Mean of base models
WeightedAveraging,B0006,0.033039245150142636,0.04433988359784536,0.9683337017326181,167,"{'LinearRegression': 0.25, 'Ridge': 0.25, 'DecisionTreeRegressor': 0.15, 'KNeighborsRegressor': 0.15, 'SVR': 0.2}"
LinearRegression,B0007,0.008353755850258594,0.013945086212735457,0.9923854308083074,167,Base Model
Ridge,B0007,0.010174033240448632,0.01533570770636462,0.990791040242716,167,Base Model
DecisionTreeRegressor,B0007,0.01849341636488766,0.029312332397173804,0.9663563052508555,167,Base Model
KNeighborsRegressor,B0007,0.04148972471584191,0.05003876860674123,0.9019570979852992,167,Base Model
SVR,B0007,0.008171114410584207,0.013226651696681357,0.9931498076772793,167,Base Model
VotingRegressor,B0007,0.013688199935557477,0.018131320801664547,0.9871275321937406,167,"{'estimators': [('LinearRegression', LinearRegression()), ('Ridge', Pipeline(steps=[('scaler', StandardScaler()), ('model', Ridge())])), ('DecisionTreeRegressor', DecisionTreeRegressor(max_depth=5, random_state=42)), ('KNeighborsRegressor', Pipeline(steps=[('scaler', StandardScaler()), ('model', KNeighborsRegressor())])), ('SVR', Pipeline(steps=[('scaler', StandardScaler()), ('model', SVR())]))], 'n_jobs': None, 'verbose': False, 'weights': None, 'LinearRegression': LinearRegression(), 'Ridge': Pipeline(steps=[('scaler', StandardScaler()), ('model', Ridge())]), 'DecisionTreeRegressor': DecisionTreeRegressor(max_depth=5, random_state=42), 'KNeighborsRegressor': Pipeline(steps=[('scaler', StandardScaler()), ('model', KNeighborsRegressor())]), 'SVR': Pipeline(steps=[('scaler', StandardScaler()), ('model', SVR())]), 'LinearRegression__copy_X': True, 'LinearRegression__fit_intercept': True, 'LinearRegression__n_jobs': None, 'LinearRegression__positive': False, 'Ridge__memory': None, 'Ridge__steps': [('scaler', StandardScaler()), ('model', Ridge())], 'Ridge__verbose': False, 'Ridge__scaler': StandardScaler(), 'Ridge__model': Ridge(), 'Ridge__scaler__copy': True, 'Ridge__scaler__with_mean': True, 'Ridge__scaler__with_std': True, 'Ridge__model__alpha': 1.0, 'Ridge__model__copy_X': True, 'Ridge__model__fit_intercept': True, 'Ridge__model__max_iter': None, 'Ridge__model__positive': False, 'Ridge__model__random_state': None, 'Ridge__model__solver': 'auto', 'Ridge__model__tol': 0.0001, 'DecisionTreeRegressor__ccp_alpha': 0.0, 'DecisionTreeRegressor__criterion': 'squared_error', 'DecisionTreeRegressor__max_depth': 5, 'DecisionTreeRegressor__max_features': None, 'DecisionTreeRegressor__max_leaf_nodes': None, 'DecisionTreeRegressor__min_impurity_decrease': 0.0, 'DecisionTreeRegressor__min_samples_leaf': 1, 'DecisionTreeRegressor__min_samples_split': 2, 'DecisionTreeRegressor__min_weight_fraction_leaf': 0.0, 'DecisionTreeRegressor__monotonic_cst': None, 'DecisionTreeRegressor__random_state': 42, 'DecisionTreeRegressor__splitter': 'best', 'KNeighborsRegressor__memory': None, 'KNeighborsRegressor__steps': [('scaler', StandardScaler()), ('model', KNeighborsRegressor())], 'KNeighborsRegressor__verbose': False, 'KNeighborsRegressor__scaler': StandardScaler(), 'KNeighborsRegressor__model': KNeighborsRegressor(), 'KNeighborsRegressor__scaler__copy': True, 'KNeighborsRegressor__scaler__with_mean': True, 'KNeighborsRegressor__scaler__with_std': True, 'KNeighborsRegressor__model__algorithm': 'auto', 'KNeighborsRegressor__model__leaf_size': 30, 'KNeighborsRegressor__model__metric': 'minkowski', 'KNeighborsRegressor__model__metric_params': None, 'KNeighborsRegressor__model__n_jobs': None, 'KNeighborsRegressor__model__n_neighbors': 5, 'KNeighborsRegressor__model__p': 2, 'KNeighborsRegressor__model__weights': 'uniform', 'SVR__memory': None, 'SVR__steps': [('scaler', StandardScaler()), ('model', SVR())], 'SVR__verbose': False, 'SVR__scaler': StandardScaler(), 'SVR__model': SVR(), 'SVR__scaler__copy': True, 'SVR__scaler__with_mean': True, 'SVR__scaler__with_std': True, 'SVR__model__C': 1.0, 'SVR__model__cache_size': 200, 'SVR__model__coef0': 0.0, 'SVR__model__degree': 3, 'SVR__model__epsilon': 0.1, 'SVR__model__gamma': 'scale', 'SVR__model__kernel': 'rbf', 'SVR__model__max_iter': -1, 'SVR__model__shrinking': True, 'SVR__model__tol': 0.001, 'SVR__model__verbose': False}"
BaggingRegressor,B0007,0.01628044484986468,0.024083450433399,0.9772887861321158,167,"{'bootstrap': True, 'bootstrap_features': False, 'estimator__ccp_alpha': 0.0, 'estimator__criterion': 'squared_error', 'estimator__max_depth': 5, 'estimator__max_features': None, 'estimator__max_leaf_nodes': None, 'estimator__min_impurity_decrease': 0.0, 'estimator__min_samples_leaf': 1, 'estimator__min_samples_split': 2, 'estimator__min_weight_fraction_leaf': 0.0, 'estimator__monotonic_cst': None, 'estimator__random_state': 42, 'estimator__splitter': 'best', 'estimator': DecisionTreeRegressor(max_depth=5, random_state=42), 'max_features': 1.0, 'max_samples': 1.0, 'n_estimators': 25, 'n_jobs': None, 'oob_score': False, 'random_state': 42, 'verbose': 0, 'warm_start': False}"
RandomForestRegressor,B0007,0.01478761890789569,0.021891682064190867,0.9812344544518283,167,"{'bootstrap': True, 'ccp_alpha': 0.0, 'criterion': 'squared_error', 'max_depth': 5, 'max_features': 1.0, 'max_leaf_nodes': None, 'max_samples': None, 'min_impurity_decrease': 0.0, 'min_samples_leaf': 1, 'min_samples_split': 2, 'min_weight_fraction_leaf': 0.0, 'monotonic_cst': None, 'n_estimators': 100, 'n_jobs': None, 'oob_score': False, 'random_state': 42, 'verbose': 0, 'warm_start': False}"
SimpleAveraging,B0007,0.013688199935557477,0.018131320801664547,0.9871275321937406,167,Mean of base models
WeightedAveraging,B0007,0.012056052416989883,0.016650440854736746,0.9891443857128679,167,"{'LinearRegression': 0.25, 'Ridge': 0.25, 'DecisionTreeRegressor': 0.15, 'KNeighborsRegressor': 0.15, 'SVR': 0.2}"
LinearRegression,B0018,0.013243549226988989,0.02214681507982292,0.9789577510222734,131,Base Model
Ridge,B0018,0.014468954627248147,0.022310973541138514,0.9786446527107926,131,Base Model
DecisionTreeRegressor,B0018,0.014472216727317962,0.02453286919622758,0.9741794028032443,131,Base Model
KNeighborsRegressor,B0018,0.02969771054328496,0.039811493234309096,0.9320035044009691,131,Base Model
SVR,B0018,0.06596549030938133,0.07121215555479112,0.7824405962926383,131,Base Model
VotingRegressor,B0018,0.025422864128827913,0.029248091026937987,0.9633001197212969,131,"{'estimators': [('LinearRegression', LinearRegression()), ('Ridge', Pipeline(steps=[('scaler', StandardScaler()), ('model', Ridge())])), ('DecisionTreeRegressor', DecisionTreeRegressor(max_depth=5, random_state=42)), ('KNeighborsRegressor', Pipeline(steps=[('scaler', StandardScaler()), ('model', KNeighborsRegressor())])), ('SVR', Pipeline(steps=[('scaler', StandardScaler()), ('model', SVR())]))], 'n_jobs': None, 'verbose': False, 'weights': None, 'LinearRegression': LinearRegression(), 'Ridge': Pipeline(steps=[('scaler', StandardScaler()), ('model', Ridge())]), 'DecisionTreeRegressor': DecisionTreeRegressor(max_depth=5, random_state=42), 'KNeighborsRegressor': Pipeline(steps=[('scaler', StandardScaler()), ('model', KNeighborsRegressor())]), 'SVR': Pipeline(steps=[('scaler', StandardScaler()), ('model', SVR())]), 'LinearRegression__copy_X': True, 'LinearRegression__fit_intercept': True, 'LinearRegression__n_jobs': None, 'LinearRegression__positive': False, 'Ridge__memory': None, 'Ridge__steps': [('scaler', StandardScaler()), ('model', Ridge())], 'Ridge__verbose': False, 'Ridge__scaler': StandardScaler(), 'Ridge__model': Ridge(), 'Ridge__scaler__copy': True, 'Ridge__scaler__with_mean': True, 'Ridge__scaler__with_std': True, 'Ridge__model__alpha': 1.0, 'Ridge__model__copy_X': True, 'Ridge__model__fit_intercept': True, 'Ridge__model__max_iter': None, 'Ridge__model__positive': False, 'Ridge__model__random_state': None, 'Ridge__model__solver': 'auto', 'Ridge__model__tol': 0.0001, 'DecisionTreeRegressor__ccp_alpha': 0.0, 'DecisionTreeRegressor__criterion': 'squared_error', 'DecisionTreeRegressor__max_depth': 5, 'DecisionTreeRegressor__max_features': None, 'DecisionTreeRegressor__max_leaf_nodes': None, 'DecisionTreeRegressor__min_impurity_decrease': 0.0, 'DecisionTreeRegressor__min_samples_leaf': 1, 'DecisionTreeRegressor__min_samples_split': 2, 'DecisionTreeRegressor__min_weight_fraction_leaf': 0.0, 'DecisionTreeRegressor__monotonic_cst': None, 'DecisionTreeRegressor__random_state': 42, 'DecisionTreeRegressor__splitter': 'best', 'KNeighborsRegressor__memory': None, 'KNeighborsRegressor__steps': [('scaler', StandardScaler()), ('model', KNeighborsRegressor())], 'KNeighborsRegressor__verbose': False, 'KNeighborsRegressor__scaler': StandardScaler(), 'KNeighborsRegressor__model': KNeighborsRegressor(), 'KNeighborsRegressor__scaler__copy': True, 'KNeighborsRegressor__scaler__with_mean': True, 'KNeighborsRegressor__scaler__with_std': True, 'KNeighborsRegressor__model__algorithm': 'auto', 'KNeighborsRegressor__model__leaf_size': 30, 'KNeighborsRegressor__model__metric': 'minkowski', 'KNeighborsRegressor__model__metric_params': None, 'KNeighborsRegressor__model__n_jobs': None, 'KNeighborsRegressor__model__n_neighbors': 5, 'KNeighborsRegressor__model__p': 2, 'KNeighborsRegressor__model__weights': 'uniform', 'SVR__memory': None, 'SVR__steps': [('scaler', StandardScaler()), ('model', SVR())], 'SVR__verbose': False, 'SVR__scaler': StandardScaler(), 'SVR__model': SVR(), 'SVR__scaler__copy': True, 'SVR__scaler__with_mean': True, 'SVR__scaler__with_std': True, 'SVR__model__C': 1.0, 'SVR__model__cache_size': 200, 'SVR__model__coef0': 0.0, 'SVR__model__degree': 3, 'SVR__model__epsilon': 0.1, 'SVR__model__gamma': 'scale', 'SVR__model__kernel': 'rbf', 'SVR__model__max_iter': -1, 'SVR__model__shrinking': True, 'SVR__model__tol': 0.001, 'SVR__model__verbose': False}"
BaggingRegressor,B0018,0.0158472642273705,0.024751163406764847,0.9737178535526799,131,"{'bootstrap': True, 'bootstrap_features': False, 'estimator__ccp_alpha': 0.0, 'estimator__criterion': 'squared_error', 'estimator__max_depth': 5, 'estimator__max_features': None, 'estimator__max_leaf_nodes': None, 'estimator__min_impurity_decrease': 0.0, 'estimator__min_samples_leaf': 1, 'estimator__min_samples_split': 2, 'estimator__min_weight_fraction_leaf': 0.0, 'estimator__monotonic_cst': None, 'estimator__random_state': 42, 'estimator__splitter': 'best', 'estimator': DecisionTreeRegressor(max_depth=5, random_state=42), 'max_features': 1.0, 'max_samples': 1.0, 'n_estimators': 25, 'n_jobs': None, 'oob_score': False, 'random_state': 42, 'verbose': 0, 'warm_start': False}"
RandomForestRegressor,B0018,0.014454164721156626,0.02369337113238193,0.9759162943481872,131,"{'bootstrap': True, 'ccp_alpha': 0.0, 'criterion': 'squared_error', 'max_depth': 5, 'max_features': 1.0, 'max_leaf_nodes': None, 'max_samples': None, 'min_impurity_decrease': 0.0, 'min_samples_leaf': 1, 'min_samples_split': 2, 'min_weight_fraction_leaf': 0.0, 'monotonic_cst': None, 'n_estimators': 100, 'n_jobs': None, 'oob_score': False, 'random_state': 42, 'verbose': 0, 'warm_start': False}"
SimpleAveraging,B0018,0.025422864128827913,0.029248091026937987,0.9633001197212969,131,Mean of base models
WeightedAveraging,B0018,0.024848758015596033,0.028549647641078514,0.9650319752173143,131,"{'LinearRegression': 0.25, 'Ridge': 0.25, 'DecisionTreeRegressor': 0.15, 'KNeighborsRegressor': 0.15, 'SVR': 0.2}"
