battery_id,life_region,n_rows,MAE,RMSE,mean_residual,median_absolute_error,maximum_absolute_error
B0005,early,55,0.007129521133686646,0.013805878000326233,0.002821751364976781,0.004419872422800619,0.06290184769160079
B0005,late,56,0.005872506214961152,0.009516271855053436,0.0011554105609327206,0.002700367218309241,0.03944008413566036
B0005,middle,56,0.0067462270588446015,0.014461464340661269,-0.001235374720798214,0.0029895641261241668,0.0910059345365486
B0006,early,55,0.01628288015614836,0.028892683671593117,0.00038983274068753865,0.008760045455320498,0.12484984313564662
B0006,late,56,0.010009889634113327,0.012567956006635095,-0.004447033081172931,0.006978210837341625,0.03538641871113035
B0006,middle,56,0.012786492204577227,0.024299206467607484,-0.00460321081990014,0.0076685959420459415,0.15097481833005832
B0007,early,55,0.008340784492779604,0.01250072079086847,0.007460645571359628,0.006607904564440048,0.0458060405335845
B0007,late,56,0.01363816880371041,0.015867282071224762,0.013622489128714345,0.012174389159496757,0.04189960129061121
B0007,middle,56,0.00851040984007608,0.01720767036113408,0.006768429829077854,0.005504370403930814,0.10754960594715013
B0018,early,43,0.01173676895045028,0.015562030776046867,-0.006003074429738647,0.009947631330469608,0.05911089521580881
B0018,late,44,0.013834003986041872,0.02276386115644575,-0.0030994835036598704,0.010571031583794577,0.10038687603730478
B0018,middle,44,0.017773995816234154,0.026965891257073903,-0.005071004382738447,0.013068329274840473,0.12849426663397012
