battery_id,discharge_cycle_index,actual_next_capacity,predicted_next_capacity,residual,absolute_error,life_region
B0005,88.0,1.605818899130659,1.5148129645941104,0.0910059345365486,0.0910059345365486,middle
B0005,46.0,1.7936240148573608,1.73072216716576,0.06290184769160079,0.06290184769160079,early
B0005,29.0,1.8518025516704486,1.7983501272431364,0.05345242442731224,0.05345242442731224,early
B0005,18.0,1.8470259949329193,1.7984401059423156,0.048585888990603676,0.048585888990603676,early
B0005,149.0,1.3601216766554785,1.320681592519818,0.03944008413566036,0.03944008413566036,late
B0005,89.0,1.5638491446744425,1.5998624887631607,-0.03601334408871826,0.03601334408871826,middle
B0005,118.0,1.4333920485221476,1.4051956272788286,0.028196421243319003,0.028196421243319003,late
B0005,165.0,1.3090153642307354,1.2836118106507244,0.025403553580011007,0.025403553580011007,late
B0005,166.0,1.3250793286429356,1.3042808705429623,0.020798458099973383,0.020798458099973383,late
B0005,120.0,1.4173547174485526,1.4345109553565802,-0.01715623790802767,0.01715623790802767,late
B0006,88.0,1.5935866593100128,1.4426118409799544,0.15097481833005832,0.15097481833005832,middle
B0006,46.0,1.82371946178183,1.6988696186461834,0.12484984313564662,0.12484984313564662,early
B0006,18.0,1.979626548250818,1.8613601066956458,0.11826644155517219,0.11826644155517219,early
B0006,29.0,1.9247760889090635,1.8502085277979574,0.07456756111110607,0.07456756111110607,early
B0006,89.0,1.5463902376915637,1.5892713481490706,-0.042881110457506866,0.042881110457506866,middle
B0006,76.0,1.5302876214401704,1.4882584220739363,0.04202919936623406,0.04202919936623406,middle
B0006,149.0,1.2898048773266901,1.2544184586155598,0.03538641871113035,0.03538641871113035,late
B0006,23.0,1.901407930553079,1.9365756092340156,-0.03516767868093651,0.03516767868093651,early
B0006,6.0,1.9687898262728398,2.003186030680162,-0.03439620440732205,0.03439620440732205,early
B0006,30.0,1.8822317526092551,1.9153623460310278,-0.033130593421772714,0.033130593421772714,early
B0007,88.0,1.6888211161855506,1.5812715102384005,0.10754960594715013,0.10754960594715013,middle
B0007,46.0,1.8150756899575577,1.7692696494239732,0.0458060405335845,0.0458060405335845,early
B0007,89.0,1.6259938279733204,1.671693691229113,-0.04569986325579256,0.04569986325579256,middle
B0007,29.0,1.8834677437950846,1.8380643990259777,0.0454033447691069,0.0454033447691069,early
B0007,149.0,1.4672063484781797,1.4253067471875684,0.04189960129061121,0.04189960129061121,late
B0007,18.0,1.8807805437609766,1.8406322742547274,0.04014826950624917,0.04014826950624917,early
B0007,165.0,1.4217865046055154,1.382203497653602,0.03958300695191341,0.03958300695191341,late
B0007,118.0,1.5339599193158786,1.5013082946106517,0.03265162470522687,0.03265162470522687,late
B0007,166.0,1.4324552720625434,1.4016143574798987,0.030840914582644707,0.030840914582644707,late
B0007,132.0,1.4981366198874824,1.4674573106561584,0.030679309231324003,0.030679309231324003,late
B0018,44.0,1.726707440085764,1.598213173451794,0.12849426663397012,0.12849426663397012,middle
B0018,104.0,1.4604310209194575,1.3600441448821528,0.10038687603730478,0.10038687603730478,late
B0018,119.0,1.4268427818454643,1.347465242085061,0.07937753976040329,0.07937753976040329,late
B0018,54.0,1.673645314879889,1.606302745024549,0.06734256985534004,0.06734256985534004,middle
B0018,38.0,1.6760516154424623,1.6169407202266535,0.05911089521580881,0.05911089521580881,early
B0018,84.0,1.4698115324524124,1.428558069609997,0.04125346284241527,0.04125346284241527,middle
B0018,23.0,1.7492382064360228,1.7087513405556125,0.04048686588041028,0.04048686588041028,early
B0018,89.0,1.454576670077708,1.418682755046492,0.035893915031216084,0.035893915031216084,late
B0018,69.0,1.5334262000312422,1.4993279003636233,0.0340982996676189,0.0340982996676189,middle
B0018,55.0,1.6404348572349936,1.6709471490362897,-0.03051229180129611,0.03051229180129611,middle
