model,held_out_battery,feature_set,MAE,RMSE,R2,n_test_rows,model_parameters
LinearRegression,B0005,"['discharge_cycle_index', 'capacity']",0.006630141151267791,0.012813718321135207,0.9954099575910862,167,"{'copy_X': True, 'fit_intercept': True, 'n_jobs': None, 'positive': False}"
Ridge,B0005,"['discharge_cycle_index', 'capacity']",0.006579477399316693,0.012777683116980802,0.9954357378579561,167,"{'memory': None, 'steps': [('scaler', StandardScaler()), ('model', Ridge())], 'verbose': False, 'scaler': StandardScaler(), 'model': Ridge(), 'scaler__copy': True, 'scaler__with_mean': True, 'scaler__with_std': True, 'model__alpha': 1.0, 'model__copy_X': True, 'model__fit_intercept': True, 'model__max_iter': None, 'model__positive': False, 'model__random_state': None, 'model__solver': 'auto', 'model__tol': 0.0001}"
Lasso,B0005,"['discharge_cycle_index', 'capacity']",0.006810743816828325,0.012873706919541693,0.9953668795800885,167,"{'memory': None, 'steps': [('scaler', StandardScaler()), ('model', Lasso(alpha=0.001, max_iter=10000))], 'verbose': False, 'scaler': StandardScaler(), 'model': Lasso(alpha=0.001, max_iter=10000), 'scaler__copy': True, 'scaler__with_mean': True, 'scaler__with_std': True, 'model__alpha': 0.001, 'model__copy_X': True, 'model__fit_intercept': True, 'model__max_iter': 10000, 'model__positive': False, 'model__precompute': False, 'model__random_state': None, 'model__selection': 'cyclic', 'model__tol': 0.0001, 'model__warm_start': False}"
ElasticNet,B0005,"['discharge_cycle_index', 'capacity']",0.006704048520049222,0.012822951486102598,0.995403340325624,167,"{'memory': None, 'steps': [('scaler', StandardScaler()), ('model', ElasticNet(alpha=0.001, max_iter=10000))], 'verbose': False, 'scaler': StandardScaler(), 'model': ElasticNet(alpha=0.001, max_iter=10000), 'scaler__copy': True, 'scaler__with_mean': True, 'scaler__with_std': True, 'model__alpha': 0.001, 'model__copy_X': True, 'model__fit_intercept': True, 'model__l1_ratio': 0.5, 'model__max_iter': 10000, 'model__positive': False, 'model__precompute': False, 'model__random_state': None, 'model__selection': 'cyclic', 'model__tol': 0.0001, 'model__warm_start': False}"
KNeighborsRegressor,B0005,"['discharge_cycle_index', 'capacity']",0.022432375123059248,0.028530727964925236,0.9772442026143638,167,"{'memory': None, 'steps': [('scaler', StandardScaler()), ('model', KNeighborsRegressor())], 'verbose': False, 'scaler': StandardScaler(), 'model': KNeighborsRegressor(), 'scaler__copy': True, 'scaler__with_mean': True, 'scaler__with_std': True, 'model__algorithm': 'auto', 'model__leaf_size': 30, 'model__metric': 'minkowski', 'model__metric_params': None, 'model__n_jobs': None, 'model__n_neighbors': 5, 'model__p': 2, 'model__weights': 'uniform'}"
DecisionTreeRegressor,B0005,"['discharge_cycle_index', 'capacity']",0.01656706715135368,0.028362716251319673,0.9775114221098521,167,"{'ccp_alpha': 0.0, 'criterion': 'squared_error', 'max_depth': 5, 'max_features': None, 'max_leaf_nodes': None, 'min_impurity_decrease': 0.0, 'min_samples_leaf': 1, 'min_samples_split': 2, 'min_weight_fraction_leaf': 0.0, 'monotonic_cst': None, 'random_state': 42, 'splitter': 'best'}"
SVR,B0005,"['discharge_cycle_index', 'capacity']",0.02365912788518461,0.026989514727181765,0.9796363087164229,167,"{'memory': None, 'steps': [('scaler', StandardScaler()), ('model', SVR())], 'verbose': False, 'scaler': StandardScaler(), 'model': SVR(), 'scaler__copy': True, 'scaler__with_mean': True, 'scaler__with_std': True, 'model__C': 1.0, 'model__cache_size': 200, 'model__coef0': 0.0, 'model__degree': 3, 'model__epsilon': 0.1, 'model__gamma': 'scale', 'model__kernel': 'rbf', 'model__max_iter': -1, 'model__shrinking': True, 'model__tol': 0.001, 'model__verbose': False}"
LinearRegression,B0006,"['discharge_cycle_index', 'capacity']",0.012739128684354131,0.022934834357549276,0.9915277372410528,167,"{'copy_X': True, 'fit_intercept': True, 'n_jobs': None, 'positive': False}"
Ridge,B0006,"['discharge_cycle_index', 'capacity']",0.013006920907513956,0.022932336256455677,0.9915295827670237,167,"{'memory': None, 'steps': [('scaler', StandardScaler()), ('model', Ridge())], 'verbose': False, 'scaler': StandardScaler(), 'model': Ridge(), 'scaler__copy': True, 'scaler__with_mean': True, 'scaler__with_std': True, 'model__alpha': 1.0, 'model__copy_X': True, 'model__fit_intercept': True, 'model__max_iter': None, 'model__positive': False, 'model__random_state': None, 'model__solver': 'auto', 'model__tol': 0.0001}"
Lasso,B0006,"['discharge_cycle_index', 'capacity']",0.012907655763866136,0.023017764019678425,0.9914663570592761,167,"{'memory': None, 'steps': [('scaler', StandardScaler()), ('model', Lasso(alpha=0.001, max_iter=10000))], 'verbose': False, 'scaler': StandardScaler(), 'model': Lasso(alpha=0.001, max_iter=10000), 'scaler__copy': True, 'scaler__with_mean': True, 'scaler__with_std': True, 'model__alpha': 0.001, 'model__copy_X': True, 'model__fit_intercept': True, 'model__max_iter': 10000, 'model__positive': False, 'model__precompute': False, 'model__random_state': None, 'model__selection': 'cyclic', 'model__tol': 0.0001, 'model__warm_start': False}"
ElasticNet,B0006,"['discharge_cycle_index', 'capacity']",0.012882291947985154,0.022967094175329085,0.9915038865458086,167,"{'memory': None, 'steps': [('scaler', StandardScaler()), ('model', ElasticNet(alpha=0.001, max_iter=10000))], 'verbose': False, 'scaler': StandardScaler(), 'model': ElasticNet(alpha=0.001, max_iter=10000), 'scaler__copy': True, 'scaler__with_mean': True, 'scaler__with_std': True, 'model__alpha': 0.001, 'model__copy_X': True, 'model__fit_intercept': True, 'model__l1_ratio': 0.5, 'model__max_iter': 10000, 'model__positive': False, 'model__precompute': False, 'model__random_state': None, 'model__selection': 'cyclic', 'model__tol': 0.0001, 'model__warm_start': False}"
KNeighborsRegressor,B0006,"['discharge_cycle_index', 'capacity']",0.03564903277091966,0.05313134514246812,0.9545315841649882,167,"{'memory': None, 'steps': [('scaler', StandardScaler()), ('model', KNeighborsRegressor())], 'verbose': False, 'scaler': StandardScaler(), 'model': KNeighborsRegressor(), 'scaler__copy': True, 'scaler__with_mean': True, 'scaler__with_std': True, 'model__algorithm': 'auto', 'model__leaf_size': 30, 'model__metric': 'minkowski', 'model__metric_params': None, 'model__n_jobs': None, 'model__n_neighbors': 5, 'model__p': 2, 'model__weights': 'uniform'}"
DecisionTreeRegressor,B0006,"['discharge_cycle_index', 'capacity']",0.04128929027995781,0.06129801219121194,0.9394797124032738,167,"{'ccp_alpha': 0.0, 'criterion': 'squared_error', 'max_depth': 5, 'max_features': None, 'max_leaf_nodes': None, 'min_impurity_decrease': 0.0, 'min_samples_leaf': 1, 'min_samples_split': 2, 'min_weight_fraction_leaf': 0.0, 'monotonic_cst': None, 'random_state': 42, 'splitter': 'best'}"
SVR,B0006,"['discharge_cycle_index', 'capacity']",0.09439712041734313,0.11937258703992353,0.770481650189385,167,"{'memory': None, 'steps': [('scaler', StandardScaler()), ('model', SVR())], 'verbose': False, 'scaler': StandardScaler(), 'model': SVR(), 'scaler__copy': True, 'scaler__with_mean': True, 'scaler__with_std': True, 'model__C': 1.0, 'model__cache_size': 200, 'model__coef0': 0.0, 'model__degree': 3, 'model__epsilon': 0.1, 'model__gamma': 'scale', 'model__kernel': 'rbf', 'model__max_iter': -1, 'model__shrinking': True, 'model__tol': 0.001, 'model__verbose': False}"
LinearRegression,B0007,"['discharge_cycle_index', 'capacity']",0.008353755850258594,0.013945086212735457,0.9923854308083074,167,"{'copy_X': True, 'fit_intercept': True, 'n_jobs': None, 'positive': False}"
Ridge,B0007,"['discharge_cycle_index', 'capacity']",0.010174033240448632,0.01533570770636462,0.990791040242716,167,"{'memory': None, 'steps': [('scaler', StandardScaler()), ('model', Ridge())], 'verbose': False, 'scaler': StandardScaler(), 'model': Ridge(), 'scaler__copy': True, 'scaler__with_mean': True, 'scaler__with_std': True, 'model__alpha': 1.0, 'model__copy_X': True, 'model__fit_intercept': True, 'model__max_iter': None, 'model__positive': False, 'model__random_state': None, 'model__solver': 'auto', 'model__tol': 0.0001}"
Lasso,B0007,"['discharge_cycle_index', 'capacity']",0.008412524058874767,0.013970653730332698,0.9923574834580632,167,"{'memory': None, 'steps': [('scaler', StandardScaler()), ('model', Lasso(alpha=0.001, max_iter=10000))], 'verbose': False, 'scaler': StandardScaler(), 'model': Lasso(alpha=0.001, max_iter=10000), 'scaler__copy': True, 'scaler__with_mean': True, 'scaler__with_std': True, 'model__alpha': 0.001, 'model__copy_X': True, 'model__fit_intercept': True, 'model__max_iter': 10000, 'model__positive': False, 'model__precompute': False, 'model__random_state': None, 'model__selection': 'cyclic', 'model__tol': 0.0001, 'model__warm_start': False}"
ElasticNet,B0007,"['discharge_cycle_index', 'capacity']",0.008821598200415006,0.014285380289121054,0.9920092684155476,167,"{'memory': None, 'steps': [('scaler', StandardScaler()), ('model', ElasticNet(alpha=0.001, max_iter=10000))], 'verbose': False, 'scaler': StandardScaler(), 'model': ElasticNet(alpha=0.001, max_iter=10000), 'scaler__copy': True, 'scaler__with_mean': True, 'scaler__with_std': True, 'model__alpha': 0.001, 'model__copy_X': True, 'model__fit_intercept': True, 'model__l1_ratio': 0.5, 'model__max_iter': 10000, 'model__positive': False, 'model__precompute': False, 'model__random_state': None, 'model__selection': 'cyclic', 'model__tol': 0.0001, 'model__warm_start': False}"
KNeighborsRegressor,B0007,"['discharge_cycle_index', 'capacity']",0.04148972471584191,0.05003876860674123,0.9019570979852992,167,"{'memory': None, 'steps': [('scaler', StandardScaler()), ('model', KNeighborsRegressor())], 'verbose': False, 'scaler': StandardScaler(), 'model': KNeighborsRegressor(), 'scaler__copy': True, 'scaler__with_mean': True, 'scaler__with_std': True, 'model__algorithm': 'auto', 'model__leaf_size': 30, 'model__metric': 'minkowski', 'model__metric_params': None, 'model__n_jobs': None, 'model__n_neighbors': 5, 'model__p': 2, 'model__weights': 'uniform'}"
DecisionTreeRegressor,B0007,"['discharge_cycle_index', 'capacity']",0.01849341636488766,0.029312332397173804,0.9663563052508555,167,"{'ccp_alpha': 0.0, 'criterion': 'squared_error', 'max_depth': 5, 'max_features': None, 'max_leaf_nodes': None, 'min_impurity_decrease': 0.0, 'min_samples_leaf': 1, 'min_samples_split': 2, 'min_weight_fraction_leaf': 0.0, 'monotonic_cst': None, 'random_state': 42, 'splitter': 'best'}"
SVR,B0007,"['discharge_cycle_index', 'capacity']",0.008171114410584207,0.013226651696681357,0.9931498076772793,167,"{'memory': None, 'steps': [('scaler', StandardScaler()), ('model', SVR())], 'verbose': False, 'scaler': StandardScaler(), 'model': SVR(), 'scaler__copy': True, 'scaler__with_mean': True, 'scaler__with_std': True, 'model__C': 1.0, 'model__cache_size': 200, 'model__coef0': 0.0, 'model__degree': 3, 'model__epsilon': 0.1, 'model__gamma': 'scale', 'model__kernel': 'rbf', 'model__max_iter': -1, 'model__shrinking': True, 'model__tol': 0.001, 'model__verbose': False}"
LinearRegression,B0018,"['discharge_cycle_index', 'capacity']",0.013243549226988989,0.02214681507982292,0.9789577510222734,131,"{'copy_X': True, 'fit_intercept': True, 'n_jobs': None, 'positive': False}"
Ridge,B0018,"['discharge_cycle_index', 'capacity']",0.014468954627248147,0.022310973541138514,0.9786446527107926,131,"{'memory': None, 'steps': [('scaler', StandardScaler()), ('model', Ridge())], 'verbose': False, 'scaler': StandardScaler(), 'model': Ridge(), 'scaler__copy': True, 'scaler__with_mean': True, 'scaler__with_std': True, 'model__alpha': 1.0, 'model__copy_X': True, 'model__fit_intercept': True, 'model__max_iter': None, 'model__positive': False, 'model__random_state': None, 'model__solver': 'auto', 'model__tol': 0.0001}"
Lasso,B0018,"['discharge_cycle_index', 'capacity']",0.013168535068785488,0.022102559768493034,0.9790417631793782,131,"{'memory': None, 'steps': [('scaler', StandardScaler()), ('model', Lasso(alpha=0.001, max_iter=10000))], 'verbose': False, 'scaler': StandardScaler(), 'model': Lasso(alpha=0.001, max_iter=10000), 'scaler__copy': True, 'scaler__with_mean': True, 'scaler__with_std': True, 'model__alpha': 0.001, 'model__copy_X': True, 'model__fit_intercept': True, 'model__max_iter': 10000, 'model__positive': False, 'model__precompute': False, 'model__random_state': None, 'model__selection': 'cyclic', 'model__tol': 0.0001, 'model__warm_start': False}"
ElasticNet,B0018,"['discharge_cycle_index', 'capacity']",0.01353228109946016,0.022148640007427448,0.9789542830596781,131,"{'memory': None, 'steps': [('scaler', StandardScaler()), ('model', ElasticNet(alpha=0.001, max_iter=10000))], 'verbose': False, 'scaler': StandardScaler(), 'model': ElasticNet(alpha=0.001, max_iter=10000), 'scaler__copy': True, 'scaler__with_mean': True, 'scaler__with_std': True, 'model__alpha': 0.001, 'model__copy_X': True, 'model__fit_intercept': True, 'model__l1_ratio': 0.5, 'model__max_iter': 10000, 'model__positive': False, 'model__precompute': False, 'model__random_state': None, 'model__selection': 'cyclic', 'model__tol': 0.0001, 'model__warm_start': False}"
KNeighborsRegressor,B0018,"['discharge_cycle_index', 'capacity']",0.02969771054328496,0.039811493234309096,0.9320035044009691,131,"{'memory': None, 'steps': [('scaler', StandardScaler()), ('model', KNeighborsRegressor())], 'verbose': False, 'scaler': StandardScaler(), 'model': KNeighborsRegressor(), 'scaler__copy': True, 'scaler__with_mean': True, 'scaler__with_std': True, 'model__algorithm': 'auto', 'model__leaf_size': 30, 'model__metric': 'minkowski', 'model__metric_params': None, 'model__n_jobs': None, 'model__n_neighbors': 5, 'model__p': 2, 'model__weights': 'uniform'}"
DecisionTreeRegressor,B0018,"['discharge_cycle_index', 'capacity']",0.014472216727317962,0.02453286919622758,0.9741794028032443,131,"{'ccp_alpha': 0.0, 'criterion': 'squared_error', 'max_depth': 5, 'max_features': None, 'max_leaf_nodes': None, 'min_impurity_decrease': 0.0, 'min_samples_leaf': 1, 'min_samples_split': 2, 'min_weight_fraction_leaf': 0.0, 'monotonic_cst': None, 'random_state': 42, 'splitter': 'best'}"
SVR,B0018,"['discharge_cycle_index', 'capacity']",0.06596549030938133,0.07121215555479112,0.7824405962926383,131,"{'memory': None, 'steps': [('scaler', StandardScaler()), ('model', SVR())], 'verbose': False, 'scaler': StandardScaler(), 'model': SVR(), 'scaler__copy': True, 'scaler__with_mean': True, 'scaler__with_std': True, 'model__C': 1.0, 'model__cache_size': 200, 'model__coef0': 0.0, 'model__degree': 3, 'model__epsilon': 0.1, 'model__gamma': 'scale', 'model__kernel': 'rbf', 'model__max_iter': -1, 'model__shrinking': True, 'model__tol': 0.001, 'model__verbose': False}"
