battery_id,discharge_cycle_index,capacity,true_capacity
SYN01,0,1.936428314495491,1.9454672044934338
SYN01,1,1.944788273196609,1.943216958625096
SYN01,2,1.9499292642379225,1.9409531443712706
SYN01,3,1.9310538063174942,1.9386757617319568
SYN01,4,1.9346222550743906,1.9363848107071553
SYN01,5,1.9346106085057682,1.9340802912968655
SYN01,6,1.915477800684931,1.9317622035010882
SYN01,7,1.9276552140058967,1.9294305473198223
SYN01,8,1.9467213579744076,1.9270853227530687
SYN01,9,1.9425390775547084,1.9247265298008271
SYN01,10,1.9135569700503103,1.9223541684630976
SYN01,11,1.9029834474593907,1.9199682387398802
SYN01,12,1.8993796315363938,1.9175687406311743
SYN01,13,1.9163452194064154,1.915155674136981
SYN01,14,1.9082880879444348,1.9127290392572993
SYN01,15,1.9179799780858005,1.9102888359921297
SYN01,16,1.9074916865463731,1.9078350643414723
SYN01,17,1.9092930018615573,1.9053677243053266
SYN01,18,1.910475996957166,1.9028868158836933
SYN01,19,1.8996877423387086,1.9003923390765716
SYN01,20,1.908382771359785,1.8978842938839622
SYN01,21,1.9056593875298329,1.8953626803058647
SYN01,22,1.8886269450814812,1.892827498342279
SYN01,23,1.8981414107320378,1.8902787479932057
SYN01,24,1.8973289221203633,1.8877164292586441
SYN01,25,1.8636901945720237,1.8851405421385947
SYN01,26,1.87489340532186,1.8825510866330573
SYN01,27,1.8861721682133727,1.8799480627420317
SYN01,28,1.8871233652747004,1.8773314704655182
SYN01,29,1.8839954584623664,1.874701309803517
SYN01,30,1.8580404557919525,1.8720575807560274
SYN01,31,1.86644178810556,1.8694002833230499
SYN01,32,1.8672079129994286,1.8667294175045845
SYN01,33,1.8709568927221691,1.8640449833006312
SYN01,34,1.8447830602761526,1.8613469807111898
SYN01,35,1.8759775100411167,1.8586354097362603
SYN01,36,1.8585496316229917,1.855910270375843
SYN01,37,1.8741341086944707,1.8531715626299374
SYN01,38,1.8538767701060554,1.850419286498544
SYN01,39,1.8623850296943454,1.8476534419816628
SYN01,40,1.849865392733944,1.8448740290792933
SYN01,41,1.8276195954380343,1.842081047791436
SYN01,42,1.8369135943713581,1.8392744981180906
SYN01,43,1.846574404735016,1.8364543800592574
SYN01,44,1.831250624612564,1.833620693614936
SYN01,45,1.8442212431773988,1.8307734387851267
SYN01,46,1.824668656346147,1.8279126155698293
SYN01,47,1.8183242013571197,1.825038223969044
SYN01,48,1.8224363335205485,1.8221502639827707
SYN01,49,1.8361407244190187,1.8192487356110094
SYN01,50,1.8164290915287808,1.81633363885376
SYN01,51,1.8002836474649917,1.8134049737110227
SYN01,52,1.8114228336158864,1.8104627401827975
SYN01,53,1.79339307646651,1.8075069382690843
SYN01,54,1.800026305298127,1.804537567969883
SYN01,55,1.800373674313044,1.8015546292851938
SYN01,56,1.809379728141266,1.7985581222150164
SYN01,57,1.7989112113548882,1.7955480467593512
SYN01,58,1.7912716427756443,1.792524402918198
SYN01,59,1.7850195644040885,1.7894871906915566
SYN01,60,1.7859565340243377,1.7864364100794274
SYN01,61,1.7695317795458234,1.7833720610818102
SYN01,62,1.7860278902236695,1.7802941436987052
SYN01,63,1.7787932931683956,1.777202657930112
SYN01,64,1.7861581273877627,1.7740976037760308
SYN01,65,1.7736131637402472,1.7709789812364614
SYN01,66,1.7646886302865723,1.7678467903114043
SYN01,67,1.7788131333731314,1.764701031000859
SYN01,68,1.7621956098865996,1.761541703304826
SYN01,69,1.755454724373305,1.7583688072233048
SYN01,70,1.751811247535261,1.7551823427562956
SYN01,71,1.7519631228329897,1.7519823099037986
SYN01,72,1.7602774593048718,1.7487687086658132
SYN01,73,1.728733074984597,1.74554153904234
SYN01,74,1.7314773523669778,1.7423008010333791
SYN01,75,1.7276739485294008,1.73904649463893
SYN01,76,1.713476938504665,1.7357786198589928
SYN01,77,1.731774129114529,1.7324971766935677
SYN01,78,1.727414194231295,1.7292021651426548
SYN01,79,1.715647854741766,1.7258935852062536
SYN01,80,1.722719429828021,1.7225714368843645
SYN01,81,1.7164467431913388,1.7192357201769874
SYN01,82,1.7052786299551486,1.7158864350841223
SYN01,83,1.7132822927161038,1.7125235816057693
SYN01,84,1.6927108211770288,1.709147159741928
SYN01,85,1.7198717753187844,1.7057571694925993
SYN01,86,1.7291871413525508,1.7023536108577821
SYN01,87,1.6973793267990076,1.698936483837477
SYN01,88,1.6976227541868747,1.6955057884316842
SYN01,89,1.7082267987571078,1.692061524640403
SYN01,90,1.6949757014287934,1.688603692463634
SYN01,91,1.6776920053459516,1.685132291901377
SYN01,92,1.676358307764644,1.6816473229536322
SYN01,93,1.695618528267492,1.6781487856203992
SYN01,94,1.6695842634573461,1.674636679901678
SYN01,95,1.679201784215283,1.6711110057974692
SYN01,96,1.6520984930025908,1.667571763307772
SYN01,97,1.6606997575415725,1.6640189524325872
SYN01,98,1.6601906780996674,1.6604525731719142
SYN01,99,1.668744811755915,1.6568726255257533
SYN01,100,1.6726131814697152,1.6532791094941044
SYN01,101,1.6667513699468421,1.6496720250769674
SYN01,102,1.6353490694295516,1.6460513722743424
SYN01,103,1.6381021050315132,1.6424171510862298
SYN01,104,1.6297914683097976,1.6387693615126286
SYN01,105,1.6286578762448563,1.6351080035535397
SYN01,106,1.634409440899834,1.631433077208963
SYN01,107,1.6247824457347444,1.6277445824788979
SYN01,108,1.632239870926565,1.6240425193633452
SYN01,109,1.598031740563973,1.6203268878623043
SYN01,110,1.613036115162663,1.6165976879757753
SYN01,111,1.622999005835671,1.6128549197037585
SYN01,112,1.5960156128483423,1.6090985830462536
SYN01,113,1.597568943312145,1.605328678003261
SYN01,114,1.5977037174401862,1.60154520457478
SYN01,115,1.5914390810418448,1.5977481627608112
SYN01,116,1.6059248485407336,1.5939375525613544
SYN01,117,1.5937139759648962,1.5901133739764095
SYN01,118,1.6020465166130726,1.5862756270059768
SYN01,119,1.5781933437000155,1.5824243116500558
SYN01,120,1.588498605806194,1.5785594279086472
SYN01,121,1.5699311052221594,1.5746809757817504
SYN01,122,1.5692603092997348,1.5707889552693657
SYN01,123,1.565464539865158,1.5668833663714927
SYN01,124,1.5598172963885415,1.562964209088132
SYN01,125,1.5369712775341153,1.5590314834192833
SYN01,126,1.5609824084694552,1.5550851893649467
SYN01,127,1.54242023496216,1.5511253269251217
SYN01,128,1.5433141266275117,1.547151896099809
SYN01,129,1.5599930695401327,1.5431648968890084
SYN01,130,1.5330522202518864,1.5391643292927195
SYN01,131,1.5436227188096359,1.5351501933109428
SYN01,132,1.5279011192920189,1.531122488943678
SYN01,133,1.5216076887008692,1.5270812161909253
SYN01,134,1.5355477964664215,1.5230263750526847
SYN01,135,1.5187871656924818,1.518957965528956
SYN01,136,1.5119818589074625,1.5148759876197393
SYN01,137,1.5129613847139667,1.5107804413250348
SYN01,138,1.5112148152845046,1.506671326644842
SYN01,139,1.484141536940272,1.5025486435791613
SYN01,140,1.5011265734555315,1.4984123921279928
SYN01,141,1.4839253696319914,1.494262572291336
SYN01,142,1.4738537681972876,1.4900991840691913
SYN01,143,1.4867160019987662,1.4859222274615589
SYN01,144,1.4672105936483597,1.4817317024684382
SYN01,145,1.4640666407334497,1.4775276090898297
SYN01,146,1.465595530828681,1.473309947325733
SYN01,147,1.4643895161706404,1.4690787171761484
SYN01,148,1.477737517043769,1.4648339186410757
SYN01,149,1.4567499425202497,1.460575551720515
SYN01,150,1.4392365586865277,1.4563036164144667
SYN01,151,1.4425147972470074,1.45201811272293
SYN01,152,1.4633938341655783,1.4477190406459053
SYN01,153,1.449264639125716,1.4434064001833928
SYN01,154,1.4430483414549886,1.4390801913353926
SYN01,155,1.4280906712777932,1.4347404141019038
SYN01,156,1.4241608974253923,1.4303870684829272
SYN01,157,1.4506225642297856,1.4260201544784628
SYN01,158,1.4407395912247671,1.42163967208851
SYN01,159,1.4272977920771364,1.4172456213130697
SYN01,160,1.4267034646629198,1.4128380021521412
SYN01,161,1.4005749605082596,1.4084168146057245
SYN01,162,1.4006563677984667,1.4039820586738203
SYN01,163,1.3784991634431218,1.3995337343564276
SYN01,164,1.3983906835075974,1.3950718416535473
SYN01,165,1.4024408726871953,1.3905963805651786
SYN01,166,1.3896341803405128,1.3861073510913224
SYN01,167,1.3608049750903761,1.3816047532319777
SYN01,168,1.3707957542172307,1.3770885869871454
SYN01,169,1.3792156090481846,1.3725588523568248
SYN02,0,2.0532772209461183,2.035250934150195
SYN02,1,2.0175616213266054,2.032899383895785
SYN02,2,2.0353003721666028,2.030539839874241
SYN02,3,2.0212634314652727,2.0281723020855624
SYN02,4,2.016768275565392,2.025796770529749
SYN02,5,2.0131085329537726,2.0234132452068017
SYN02,6,2.0143941168767276,2.02102172611672
SYN02,7,2.0243511054655206,2.0186222132595035
SYN02,8,2.0214034661646103,2.016214706635153
SYN02,9,2.023390662658373,2.013799206243668
SYN02,10,2.0074037163515817,2.0113757120850484
SYN02,11,1.993260742367274,2.0089442241592943
SYN02,12,2.003619391560095,2.0065047424664066
SYN02,13,2.027278355612565,2.0040572670063836
SYN02,14,1.9964539580092384,2.0016017977792266
SYN02,15,2.0046436205768665,1.9991383347849352
SYN02,16,1.9973308324518189,1.9966668780235093
SYN02,17,1.9779586722451479,1.9941874274949491
SYN02,18,1.9960210974289585,1.9916999831992548
SYN02,19,1.9851426863549566,1.9892045451364255
SYN02,20,1.9864751710644144,1.9867011133064623
SYN02,21,1.9723818638066761,1.9841896877093643
SYN02,22,1.9763015858499182,1.9816702683451322
SYN02,23,1.9889795970998652,1.9791428552137658
SYN02,24,1.968651320464185,1.9766074483152647
SYN02,25,1.9783967917450787,1.9740640476496294
SYN02,26,1.9809624309900526,1.9715126532168594
SYN02,27,1.9791284475505369,1.9689532650169552
SYN02,28,1.9541280253423632,1.9663858830499166
SYN02,29,1.976552686407931,1.9638105073157437
SYN02,30,1.948004918887154,1.9612271378144364
SYN02,31,1.9526946836233061,1.9586357745459946
SYN02,32,1.9740096970607883,1.9560364175104183
SYN02,33,1.9651856589959038,1.9534290667077077
SYN02,34,1.9580123048714373,1.950813722137863
SYN02,35,1.9357874303605873,1.9481903838008836
SYN02,36,1.9483991293772671,1.9455590516967698
SYN02,37,1.940120133684298,1.9429197258255217
SYN02,38,1.9225988379059566,1.940272406187139
SYN02,39,1.94014674483816,1.937617092781622
SYN02,40,1.9294803228892796,1.934953785608971
SYN02,41,1.9319035691279332,1.932282484669185
SYN02,42,1.9431695186522675,1.929603189962265
SYN02,43,1.9051769485944754,1.9269159014882102
SYN02,44,1.9426056017954054,1.9242206192470215
SYN02,45,1.9258780120944128,1.921517343238698
SYN02,46,1.9419393981973128,1.9188060734632404
SYN02,47,1.9056621506693268,1.9160868099206483
SYN02,48,1.9179422218906017,1.9133595526109217
SYN02,49,1.9049676102759256,1.910624301534061
SYN02,50,1.9164737376753676,1.9078810566900655
SYN02,51,1.8929111762117565,1.9051298180789358
SYN02,52,1.9030473243522292,1.9023705857006719
SYN02,53,1.8837664610042864,1.8996033595552733
SYN02,54,1.90163146150181,1.8968281396427404
SYN02,55,1.8712307182950119,1.894044925963073
SYN02,56,1.8859581493572668,1.8912537185162714
SYN02,57,1.8916204583426173,1.8884545173023355
SYN02,58,1.8864660422806974,1.8856473223212649
SYN02,59,1.8750560700480159,1.88283213357306
SYN02,60,1.8601781599141838,1.8800089510577207
SYN02,61,1.8694858259823157,1.8771777747752472
SYN02,62,1.872574256690637,1.874338604725639
SYN02,63,1.8661480606461556,1.8714914409088965
SYN02,64,1.8801269822030129,1.8686362833250199
SYN02,65,1.866844159877886,1.8657731319740083
SYN02,66,1.8665045200226662,1.8629019868558627
SYN02,67,1.8601207368662132,1.8600228479705827
SYN02,68,1.867923363293618,1.8571357153181682
SYN02,69,1.8409407761599266,1.8542405888986195
SYN02,70,1.849334432600549,1.8513374687119362
SYN02,71,1.8509776096475932,1.8484263547581186
SYN02,72,1.8269472357351686,1.8455072470371665
SYN02,73,1.8523760974535983,1.8425801455490802
SYN02,74,1.8343472079512368,1.8396450502938593
SYN02,75,1.8289857845348727,1.836701961271504
SYN02,76,1.8373398529904559,1.8337508784820145
SYN02,77,1.8218587939514368,1.8307918019253904
SYN02,78,1.8185621195951123,1.827824731601632
SYN02,79,1.8124197921383027,1.824849667510739
SYN02,80,1.8080839844826002,1.821866609652712
SYN02,81,1.8223761702280008,1.8188755580275504
SYN02,82,1.7996135804804032,1.8158765126352543
SYN02,83,1.830984096219729,1.8128694734758242
SYN02,84,1.8289642068840346,1.8098544405492591
SYN02,85,1.8072991994151024,1.8068314138555601
SYN02,86,1.8030152576507121,1.8038003933947264
SYN02,87,1.806430333389645,1.8007613791667585
SYN02,88,1.7962550028385134,1.7977143711716561
SYN02,89,1.7833620497709317,1.7946593694094193
SYN02,90,1.7816797934463917,1.7915963738800482
SYN02,91,1.7745795952697383,1.7885253845835427
SYN02,92,1.7821746223757962,1.7854464015199025
SYN02,93,1.804619880964806,1.7823594246891283
SYN02,94,1.7838306771504249,1.7792644540912195
SYN02,95,1.7824523986852023,1.7761614897261764
SYN02,96,1.7864989355287841,1.7730505315939986
SYN02,97,1.7600882000339446,1.7699315796946868
SYN02,98,1.7543459456060397,1.7668046340282406
SYN02,99,1.7647780873253414,1.7636696945946597
SYN02,100,1.7647499312604555,1.7605267613939446
SYN02,101,1.7492605011352669,1.757375834426095
SYN02,102,1.7542476968014158,1.7542169136911112
SYN02,103,1.7437900026055346,1.7510499991889927
SYN02,104,1.7432995672795943,1.74787509091974
SYN02,105,1.7463821022853305,1.744692188883353
SYN02,106,1.739702137140087,1.7415012930798315
SYN02,107,1.7377292010555943,1.7383024035091756
SYN02,108,1.7187381390399918,1.7350955201713854
SYN02,109,1.7390902046071115,1.7318806430664606
SYN02,110,1.7242983752648862,1.7286577721944016
SYN02,111,1.7220796403928356,1.725426907555208
SYN02,112,1.7316952479923202,1.7221880491488801
SYN02,113,1.7031070105396877,1.7189411969754178
SYN02,114,1.7259255352165712,1.715686351034821
SYN02,115,1.7154559136020755,1.71242351132709
SYN02,116,1.7061302172213437,1.7091526778522246
SYN02,117,1.6984759966291598,1.7058738506102247
SYN02,118,1.7159431473317306,1.7025870296010903
SYN02,119,1.6942704940872337,1.6992922148248217
SYN02,120,1.6969590337875073,1.6959894062814185
SYN02,121,1.6883459639640974,1.6926786039708812
SYN02,122,1.695964240105911,1.6893598078932093
SYN02,123,1.6815834495056419,1.6860330180484029
SYN02,124,1.7002479621634208,1.6826982344364625
SYN02,125,1.686230879535031,1.6793554570573874
SYN02,126,1.6999326610660785,1.676004685911178
SYN02,127,1.6637792477904565,1.6726459209978342
SYN02,128,1.6663915033149093,1.6692791623173557
SYN02,129,1.6598363064989463,1.6659044098697433
SYN02,130,1.6695905340356467,1.662521663654996
SYN02,131,1.6782363847047055,1.6591309236731147
SYN02,132,1.646266707737402,1.6557321899240989
SYN02,133,1.6830113183346052,1.6523254624079486
SYN02,134,1.650535298021437,1.6489107411246642
SYN02,135,1.650358606755956,1.645488026074245
SYN02,136,1.6451937308026872,1.6420573172566917
SYN02,137,1.6428362762393027,1.6386186146720036
SYN02,138,1.649276001559321,1.6351719183201816
SYN02,139,1.6497864510692801,1.6317172282012251
SYN02,140,1.6129779356959326,1.628254544315134
SYN02,141,1.6275797225550628,1.6247838666619085
SYN02,142,1.6325234936941748,1.621305195241549
SYN02,143,1.6146386528394272,1.6178185300540546
SYN02,144,1.617749080748336,1.614323871099426
SYN02,145,1.61066460086347,1.610821218377663
SYN02,146,1.59892440252128,1.6073105718887657
SYN02,147,1.6019883943248452,1.6037919316327338
SYN02,148,1.6069777010863162,1.6002652976095677
SYN02,149,1.5956060228275497,1.5967306698192671
SYN02,150,1.5899342793887772,1.5931880482618321
SYN02,151,1.578898155591111,1.589637432937263
SYN02,152,1.5831861007015842,1.586078823845559
SYN02,153,1.5901262601022714,1.5825122209867208
SYN02,154,1.5896159849988105,1.5789376243607482
SYN02,155,1.575771084315303,1.5753550339676414
SYN02,156,1.563597247246937,1.5717644498074002
SYN02,157,1.5551152965901764,1.5681658718800242
SYN02,158,1.5580510077790344,1.5645593001855143
SYN02,159,1.5803880374365642,1.5609447347238699
SYN02,160,1.5538429825526265,1.5573221754950908
SYN02,161,1.5551723753108644,1.5536916224991775
SYN02,162,1.5564333749612385,1.5500530757361295
SYN02,163,1.5512487949998992,1.5464065352059475
SYN02,164,1.5401059827828405,1.5427520009086308
SYN02,165,1.5242342743685666,1.5390894728441802
SYN02,166,1.512942866592354,1.5354189510125948
SYN02,167,1.5420924414910189,1.531740435413875
SYN02,168,1.5347623347043822,1.528053926048021
SYN02,169,1.514522211181427,1.5243594229150323
SYN03,0,2.0107304778170727,2.019661750717438
SYN03,1,2.034422817395404,2.0175942863213288
SYN03,2,2.00292670220511,2.0155147488526914
SYN03,3,2.0108410798214114,2.0134231383115258
SYN03,4,2.0128294147318795,2.011319454697832
SYN03,5,1.9948561025279785,2.00920369801161
SYN03,6,2.0036744110527738,2.0070758682528598
SYN03,7,2.001124707614045,2.0049359654215815
SYN03,8,1.9813918482549855,2.002783989517775
SYN03,9,2.0007386647441234,2.00061994054144
SYN03,10,1.9899543272736941,1.9984438184925775
SYN03,11,1.9885335916019409,1.9962556233711863
SYN03,12,2.0024214476666033,1.994055355177267
SYN03,13,1.9901487053895996,1.9918430139108196
SYN03,14,1.9911354985785714,1.989618599571844
SYN03,15,1.9914512719320616,1.9873821121603403
SYN03,16,2.0039313644478915,1.9851335516763084
SYN03,17,1.9754199295056614,1.9828729181197484
SYN03,18,1.979724953554317,1.9806002114906602
SYN03,19,1.9860601023815236,1.9783154317890437
SYN03,20,1.9703142745760633,1.976018579014899
SYN03,21,1.984952874808043,1.9737096531682263
SYN03,22,1.9673533761693667,1.9713886542490253
SYN03,23,1.9786247513968296,1.9690555822572962
SYN03,24,1.976253535839499,1.9667104371930388
SYN03,25,1.9735907172675666,1.9643532190562534
SYN03,26,1.9544377134406443,1.9619839278469398
SYN03,27,1.956540019035775,1.9596025635650978
SYN03,28,1.9468706902324293,1.9572091262107278
SYN03,29,1.9672136535587244,1.9548036157838296
SYN03,30,1.9432717176617704,1.952386032284403
SYN03,31,1.9683227002923287,1.9499563757124487
SYN03,32,1.9379428071101943,1.947514646067966
SYN03,33,1.9637433656439747,1.945060843350955
SYN03,34,1.930780637559106,1.942594967561416
SYN03,35,1.9320777338332051,1.9401170186993486
SYN03,36,1.947617941789568,1.9376269967647533
SYN03,37,1.9414298210186416,1.9351249017576297
SYN03,38,1.9330510290871408,1.9326107336779779
SYN03,39,1.9474999144712974,1.9300844925257978
SYN03,40,1.9156231312067513,1.9275461783010899
SYN03,41,1.916020726303611,1.9249957910038535
SYN03,42,1.9122879755440192,1.922433330634089
SYN03,43,1.9129989565636256,1.9198587971917964
SYN03,44,1.9271010593341138,1.9172721906769756
SYN03,45,1.913235196408532,1.9146735110896265
SYN03,46,1.915959183427828,1.9120627584297494
SYN03,47,1.9184828329551584,1.909439932697344
SYN03,48,1.9034113928232042,1.9068050338924105
SYN03,49,1.9031828873308594,1.9041580620149487
SYN03,50,1.9089869908448802,1.9014990170649588
SYN03,51,1.888849479663145,1.8988278990424408
SYN03,52,1.9014247970058644,1.8961447079473945
SYN03,53,1.8953342742183483,1.8934494437798202
SYN03,54,1.8836562088858766,1.8907421065397176
SYN03,55,1.8783883782234654,1.8880226962270867
SYN03,56,1.872574806109473,1.885291212841928
SYN03,57,1.894100977119814,1.8825476563842407
SYN03,58,1.8963277452899185,1.8797920268540254
SYN03,59,1.871209369705951,1.877024324251282
SYN03,60,1.8930083649976863,1.8742445485760104
SYN03,61,1.8838613662000483,1.8714526998282106
SYN03,62,1.8559239192047585,1.8686487780078826
SYN03,63,1.8572334765445535,1.8658327831150263
SYN03,64,1.845162516274317,1.863004715149642
SYN03,65,1.8568283786265631,1.8601645741117294
SYN03,66,1.8509378120699185,1.8573123600012889
SYN03,67,1.8470203162271572,1.85444807281832
SYN03,68,1.855039932410641,1.8515717125628228
SYN03,69,1.855380965387234,1.8486832792347978
SYN03,70,1.832632959835385,1.8457827728342444
SYN03,71,1.8464391571657504,1.8428701933611626
SYN03,72,1.8436169321060936,1.839945540815553
SYN03,73,1.8403168884494447,1.837008815197415
SYN03,74,1.831041615687823,1.8340600165067489
SYN03,75,1.8319136640364984,1.8310991447435547
SYN03,76,1.8173302143070957,1.8281261999078322
SYN03,77,1.8280400029958006,1.8251411819995815
SYN03,78,1.8176590155642318,1.822144091018803
SYN03,79,1.8182597697402705,1.819134926965496
SYN03,80,1.8123637486789228,1.8161136898396608
SYN03,81,1.8166787548054564,1.8130803796412973
SYN03,82,1.8093391461606596,1.8100349963704059
SYN03,83,1.8082397408776898,1.8069775400269863
SYN03,84,1.793706026133486,1.8039080106110383
SYN03,85,1.8093856809827895,1.8008264081225622
SYN03,86,1.7927700313600357,1.7977327325615582
SYN03,87,1.7964757501332786,1.7946269839280258
SYN03,88,1.803753011801479,1.7915091622219652
SYN03,89,1.7866232671719282,1.7883792674433765
SYN03,90,1.7754279991164472,1.7852372995922596
SYN03,91,1.8003240998038406,1.7820832586686146
SYN03,92,1.7642546621177717,1.7789171446724412
SYN03,93,1.7842902451137772,1.77573895760374
SYN03,94,1.7706862002589188,1.7725486974625102
SYN03,95,1.7646549704414158,1.7693463642487524
SYN03,96,1.7597319919352625,1.7661319579624666
SYN03,97,1.7493686309250478,1.7629054786036524
SYN03,98,1.7729398998710666,1.7596669261723101
SYN03,99,1.755621602886557,1.7564163006684395
SYN03,100,1.7500725509309367,1.7531536020920409
SYN03,101,1.7593121912228165,1.749878830443114
SYN03,102,1.7409957785934194,1.746591985721659
SYN03,103,1.7559557575586155,1.743293067927676
SYN03,104,1.7373149776714145,1.7399820770611645
SYN03,105,1.7285544557570736,1.736659013122125
SYN03,106,1.7493935532779528,1.7333238761105574
SYN03,107,1.7357911661708385,1.7299766660264613
SYN03,108,1.731214095543961,1.7266173828698372
SYN03,109,1.7313391982978925,1.723246026640685
SYN03,110,1.7208232936198384,1.7198625973390047
SYN03,111,1.7257799126207296,1.716467094964796
SYN03,112,1.7058122912818177,1.7130595195180593
SYN03,113,1.7095258826487008,1.7096398709987943
SYN03,114,1.6875806695386046,1.7062081494070012
SYN03,115,1.7025817455388719,1.70276435474268
SYN03,116,1.6960954404170272,1.6993084870058306
SYN03,117,1.7096883307150244,1.695840546196453
SYN03,118,1.6900205743396897,1.692360532314547
SYN03,119,1.6956655766675877,1.688868445360113
SYN03,120,1.6884367310044042,1.685364285333151
SYN03,121,1.6824812463626633,1.6818480522336605
SYN03,122,1.667520694273321,1.6783197460616421
SYN03,123,1.6646782206859976,1.6747793668170954
SYN03,124,1.6631175732484318,1.6712269145000205
SYN03,125,1.6478141598795635,1.6676623891104174
SYN03,126,1.6565415787628515,1.6640857906482862
SYN03,127,1.6671681706017896,1.6604971191136269
SYN03,128,1.6570984366974955,1.6568963745064393
SYN03,129,1.6600948263228201,1.6532835568267235
SYN03,130,1.6481157696128454,1.6496586660744796
SYN03,131,1.6433382865031565,1.6460217022497075
SYN03,132,1.6477367029926209,1.6423726653524073
SYN03,133,1.6351966493079466,1.6387115553825788
SYN03,134,1.6306007117856662,1.6350383723402222
SYN03,135,1.6294843502289718,1.6313531162253374
SYN03,136,1.6374002922783464,1.6276557870379245
SYN03,137,1.6209849819645195,1.6239463847779831
SYN03,138,1.6158897527677352,1.620224909445514
SYN03,139,1.6039915751861555,1.6164913610405165
SYN03,140,1.614448410162366,1.6127457395629907
SYN03,141,1.609813533827079,1.6089880450129368
SYN03,142,1.607347345366064,1.605218277390355
SYN03,143,1.5948050634894544,1.6014364366952447
SYN03,144,1.5792606876112494,1.5976425229276063
SYN03,145,1.6001698075609032,1.5938365360874398
SYN03,146,1.5977583586705975,1.590018476174745
SYN03,147,1.6045847341276396,1.586188343189522
SYN03,148,1.5875511595930731,1.582346137131771
SYN03,149,1.5713944924011656,1.5784918580014917
SYN03,150,1.5824762812483564,1.5746255057986844
SYN03,151,1.5592697004503318,1.5707470805233488
SYN03,152,1.5824474917179114,1.566856582175485
SYN03,153,1.5564978693116491,1.562954010755093
SYN03,154,1.565508215017881,1.5590393662621729
SYN03,155,1.5566965537057331,1.5551126486967246
SYN03,156,1.5349977325430622,1.551173858058748
SYN03,157,1.535528105407667,1.5472229943482434
SYN03,158,1.5291726539436499,1.5432600575652105
SYN03,159,1.5371715953813312,1.5392850477096496
SYN03,160,1.5444730567690155,1.5352979647815603
SYN03,161,1.5334309588099155,1.5312988087809432
SYN03,162,1.5225334053744082,1.5272875797077976
SYN03,163,1.5347810138735554,1.523264277562124
SYN03,164,1.5097821710214514,1.519228902343922
SYN03,165,1.5122812306702442,1.515181454053192
SYN03,166,1.5200681511639842,1.5111219326899339
SYN03,167,1.5023339256469062,1.5070503382541474
SYN03,168,1.4910195237907724,1.502966670745833
SYN03,169,1.5049394114815704,1.49887093016499
SYN04,0,2.0955916210945302,2.0883605730539876
SYN04,1,2.092736129188636,2.086205335766595
SYN04,2,2.0984955740218436,2.084034711905381
SYN04,3,2.0928341025919805,2.0818487014703444
SYN04,4,2.091020262254856,2.079647304461486
SYN04,5,2.0754312485033966,2.077430520878806
SYN04,6,2.0724834807190344,2.0751983507223035
SYN04,7,2.0812705858131872,2.072950793991979
SYN04,8,2.0741213841419217,2.0706878506878326
SYN04,9,2.067085682068275,2.068409520809864
SYN04,10,2.0542102343283184,2.0661158043580734
SYN04,11,2.063679561758752,2.063806701332461
SYN04,12,2.0543914712043816,2.0614822117330265
SYN04,13,2.0547803062110903,2.05914233555977
SYN04,14,2.0301299026200272,2.0567870728126922
SYN04,15,2.0625460487433567,2.0544164234917917
SYN04,16,2.0475000616892416,2.0520303875970693
SYN04,17,2.05088428802008,2.049628965128525
SYN04,18,2.0531405711274426,2.0472121560861583
SYN04,19,2.0301418971041065,2.04477996046997
SYN04,20,2.035082193896269,2.0423323782799594
SYN04,21,2.0513838034142067,2.039869409516127
SYN04,22,2.033415544589588,2.0373910541784728
SYN04,23,2.0492325322027343,2.0348973122669967
SYN04,24,2.0346248516977457,2.0323881837816984
SYN04,25,2.0417106137309196,2.029863668722578
SYN04,26,2.006643024212856,2.0273237670896354
SYN04,27,2.023077755759647,2.024768478882871
SYN04,28,2.0259402549831362,2.0221978041022846
SYN04,29,2.0196508819556,2.019611742747876
SYN04,30,2.0259633085329054,2.0170102948196456
SYN04,31,2.009412989370476,2.014393460317593
SYN04,32,2.0075475228353667,2.0117612392417192
SYN04,33,2.0193199644222655,2.009113631592023
SYN04,34,2.00161392542129,2.0064506373685043
SYN04,35,1.9989175752892065,2.0037722565711635
SYN04,36,1.9944597663183967,2.001078489200001
SYN04,37,2.0181982271069914,1.998369335255017
SYN04,38,1.9977705595294468,1.9956447947362104
SYN04,39,1.9808646357083923,1.9929048676435819
SYN04,40,1.9880290854685785,1.990149553977132
SYN04,41,1.9725845445256538,1.9873788537368595
SYN04,42,1.977166945138962,1.9845927669227648
SYN04,43,1.9939651201784674,1.9817912935348487
SYN04,44,1.979201459543053,1.9789744335731103
SYN04,45,1.9745037376158339,1.9761421870375497
SYN04,46,1.9766203311153763,1.9732945539281674
SYN04,47,1.9579669586741468,1.9704315342449632
SYN04,48,1.9778729246050075,1.9675531279879366
SYN04,49,1.969416334324323,1.9646593351570882
SYN04,50,1.9827667485088016,1.9617501557524177
SYN04,51,1.9586378366883375,1.9588255897739253
SYN04,52,1.9724288640306302,1.9558856372216111
SYN04,53,1.9466854324121503,1.9529302980954746
SYN04,54,1.9258750946466459,1.9499595723955163
SYN04,55,1.9448299155571234,1.9469734601217359
SYN04,56,1.9301019373170911,1.9439719612741335
SYN04,57,1.9208896073247879,1.9409550758527092
SYN04,58,1.9242357016367704,1.9379228038574627
SYN04,59,1.9346109749039364,1.9348751452883943
SYN04,60,1.9038510062422314,1.931812100145504
SYN04,61,1.921348476193201,1.9287336684287917
SYN04,62,1.9192913251947736,1.9256398501382572
SYN04,63,1.9246593176251374,1.9225306452739008
SYN04,64,1.9278465716069855,1.9194060538357223
SYN04,65,1.9053585431552154,1.916266075823722
SYN04,66,1.9208344150975487,1.9131107112378996
SYN04,67,1.9308823301081581,1.9099399600782552
SYN04,68,1.911600098233563,1.9067538223447889
SYN04,69,1.9037734849011023,1.9035522980375006
SYN04,70,1.9313796110040482,1.9003353871563902
SYN04,71,1.8978392802086161,1.8971030897014578
SYN04,72,1.8999156374816664,1.8938554056727033
SYN04,73,1.893434467020025,1.8905923350701268
SYN04,74,1.8924720708359388,1.8873138778937286
SYN04,75,1.8773234964125225,1.8840200341435083
SYN04,76,1.891638192887465,1.8807108038194658
SYN04,77,1.8800568002829514,1.8773861869216013
SYN04,78,1.8806678848177485,1.8740461834499151
SYN04,79,1.87306228995939,1.8706907934044066
SYN04,80,1.8451519352292047,1.8673200167850763
SYN04,81,1.8630588715374827,1.8639338535919239
SYN04,82,1.8621863351991863,1.8605323038249493
SYN04,83,1.8487280004332973,1.8571153674841532
SYN04,84,1.8608504240436423,1.8536830445695347
SYN04,85,1.8625389759633804,1.8502353350810943
SYN04,86,1.8315583278083978,1.846772239018832
SYN04,87,1.8540723709938276,1.8432937563827476
SYN04,88,1.8420836198599488,1.8397998871728412
SYN04,89,1.8406824818174747,1.8362906313891127
SYN04,90,1.852491806428778,1.8327659890315624
SYN04,91,1.8175393888948177,1.82922596010019
SYN04,92,1.8306456406101257,1.8256705445949957
SYN04,93,1.8235783064544502,1.8220997425159793
SYN04,94,1.8048361873943164,1.8185135538631407
SYN04,95,1.8120555029022636,1.8149119786364805
SYN04,96,1.8115022302955346,1.8112950168359983
SYN04,97,1.8141608342254913,1.8076626684616937
SYN04,98,1.7920604569295455,1.8040149335135673
SYN04,99,1.8287574736758674,1.8003518119916189
SYN04,100,1.803026124311193,1.7966733038958485
SYN04,101,1.8121849963030896,1.7929794092262563
SYN04,102,1.7799984485119564,1.7892701279828418
SYN04,103,1.7848268727745007,1.7855454601656053
SYN04,104,1.7970571673854243,1.781805405774547
SYN04,105,1.773179571241528,1.7780499648096668
SYN04,106,1.7669541483861502,1.7742791372709643
SYN04,107,1.7562652190633135,1.7704929231584399
SYN04,108,1.7685919241995958,1.7666913224720935
SYN04,109,1.7516780226579824,1.762874335211925
SYN04,110,1.752612064654141,1.759041961377935
SYN04,111,1.75399189339118,1.7551942009701225
SYN04,112,1.7348823376421563,1.7513310539884879
SYN04,113,1.7319121649151688,1.7474525204330316
SYN04,114,1.7332550549663754,1.7435586003037533
SYN04,115,1.7353287750788948,1.739649293600653
SYN04,116,1.7257551839228074,1.7357246003237305
SYN04,117,1.726473953129721,1.731784520472986
SYN04,118,1.7149822690937078,1.7278290540484196
SYN04,119,1.7322736173345976,1.7238582010500314
SYN04,120,1.7298734252383685,1.7198719614778208
SYN04,121,1.7150641191506282,1.7158703353317886
SYN04,122,1.718442031455166,1.7118533226119343
SYN04,123,1.7034950524693422,1.707820923318258
SYN04,124,1.7137754703196333,1.7037731374507594
SYN04,125,1.6915076601225068,1.699709965009439
SYN04,126,1.695396849532077,1.6956314059942965
SYN04,127,1.6814271852634828,1.6915374604053321
SYN04,128,1.6903755543281413,1.687428128242546
SYN04,129,1.7001655704486507,1.6833034095059376
SYN04,130,1.6853146123261455,1.6791633041955072
SYN04,131,1.6671979911989228,1.6750078123112548
SYN04,132,1.678270928443651,1.6708369338531806
SYN04,133,1.6610742026762557,1.666650668821284
SYN04,134,1.6572621236864942,1.6624490172155657
SYN04,135,1.6402453977327525,1.6582319790360251
SYN04,136,1.660170226302303,1.6539995542826629
SYN04,137,1.649403477366819,1.6497517429554787
SYN04,138,1.646943668417107,1.645488545054472
SYN04,139,1.6345469367179526,1.6412099605796437
SYN04,140,1.6306097547562066,1.6369159895309935
SYN04,141,1.6483570570741077,1.632606631908521
SYN04,142,1.6230927715490067,1.6282818877122267
SYN04,143,1.6256312172677776,1.6239417569421102
SYN04,144,1.623921475960491,1.619586239598172
SYN04,145,1.6149347805198475,1.6152153356804115
SYN04,146,1.6210531240052857,1.6108290451888292
SYN04,147,1.624931852243844,1.6064273681234247
SYN04,148,1.6101554848967932,1.6020103044841985
SYN04,149,1.59984401582965,1.59757785427115
SYN04,150,1.5677365920160515,1.5931300174842797
SYN04,151,1.6044488299193658,1.5886667941235872
SYN04,152,1.569251988596737,1.584188184189073
SYN04,153,1.5611092469814452,1.5796941876807364
SYN04,154,1.5830354299782712,1.5751848045985781
SYN04,155,1.575760831783196,1.5706600349425979
SYN04,156,1.5531877625537662,1.5661198787127955
SYN04,157,1.5478745348808225,1.561564335909171
SYN04,158,1.5809736243384518,1.5569934065317248
SYN04,159,1.5504522148000983,1.5524070905804563
SYN04,160,1.5496205238910519,1.547805388055366
SYN04,161,1.542309076218621,1.5431882989564536
SYN04,162,1.541040751014436,1.538555823283719
SYN04,163,1.5221157635921132,1.5339079610371626
SYN04,164,1.5351028526305175,1.5292447122167845
SYN04,165,1.5320484924338715,1.5245660768225842
SYN04,166,1.5178412334032483,1.5198720548545617
SYN04,167,1.5152217804301156,1.5151626463127175
SYN04,168,1.5143866843185019,1.510437851197051
SYN04,169,1.4868961813974084,1.5056976695075626
